ID,KR,EN,JA
opening_1,20살 생일.,My twentieth birthday.,20歳の誕生日。
opening_2,"그날, 갑작스러운 사고로","That day, because of a sudden accident,",あの日、突然の事故で
opening_3,부모님이 돌아가셨다.,My parents passed away.,両親が亡くなった。
opening_4,마치 준비해 둔 것처럼—,As if it had all been prepared in advance—,まるで最初から用意されていたかのように――
opening_5,한 장의 유서가 남겨져 있었다.,A single suicide note had been left behind.,一通の遺書が残されていた。
opening_6,어릴 적 죽어가던 나를,"When I was young, as I lay dying,",幼い頃、死にかけていた私を
opening_7,성물의 힘으로 살려냈고—,they saved my life using the power of a sacred relic—,聖遺物の力で救い出し――
opening_8,"나를 살리기 위해,","To save me,",私を生かすために、
opening_9,계속해서 성물을 훔쳐왔다는 사실.,they had continued to steal sacred relics.,ずっと聖遺物を盗み続けていたこと。
opening_10,"그리고 마지막으로,","And finally,",そして最後に、
opening_11,내가 계속 살아가기 위해서는—,for me to keep living—,私が生き続けるためには――
opening_12,"신들의 성물을 훔쳐,","I would have to steal the sacred relics of the gods,",神々の聖遺物を盗み、
opening_13,그 안에 담긴 신력을 흡수해야만 한다는 말.,and absorb the divine power contained within them.,その中に宿る神力を吸収しなければならないということ。
opening_14,"편지를 읽는 순간,","The moment I finished reading the letter,",手紙を読んだ瞬間、
opening_15,죄책감이 밀려왔다.,a wave of guilt washed over me.,罪悪感が押し寄せてきた。
opening_16,하지만—,But—,だが――
opening_17,죽고 싶지 않았다.,I didn't want to die.,死にたくなかった。
opening_18,"그날 이후,","From that day on,",あの日から、
opening_19,나는 떠돌며 살아간다.,"I wander from place to place, surviving.",私は流浪しながら生きている。
opening_20,신들의 물건을 훔치면서.,Stealing from the gods.,神々のものを盗みながら。
opening_21,훔치지 않으면—,If I don't steal—,盗まなければ――
opening_22,"나는, 죽는다.",I die.,私は、死ぬ。
story_1,“...하아...하아...”,“...Haa... haa...”,「……はぁ……はぁ……」
story_2,이 주변은 이미 전부 털었다.,I've already cleaned out everything around here.,この辺りはもう全部さらった。
story_3,“남은 곳은... 없는 건가...”,“Are there... no places left...?”,「もう……残っている場所は……ないのか……」
story_4,숨이 점점 가빠진다.,My breathing grows heavier.,息がだんだん荒くなっていく。
story_5,"몸이 무거워지기 시작하고, 한계가 가까워지고 있다.","My body is growing heavier, and my limit is drawing near.",体が重くなり始め、限界が近づいている。
story_6,이를 악물고 풀숲을 헤치며 나는 더 깊숙이 들어갔다.,"Gritting my teeth, I pushed through the undergrowth and went deeper.",歯を食いしばり、草むらをかき分けながら、私はさらに奥へと進んだ。
story_7,"그때, 작은 신당 하나가 눈에 들어왔다.","Just then, a small shrine caught my eye.",そのとき、小さな祠が目に入った。
story_9,“...여긴...?”,“...What is this place...?”,「……ここは……？」
story_10,“분명 이 근처는 전부 확인했을 텐데...”,“I'm sure I checked every part of this area...”,「確か、この辺りは全部調べたはずなのに……」
story_11,“이렇게 작은 곳이... 남아 있었네.”,“A place this small... was still here.”,「こんな小さな場所が……まだ残っていたのか。」
story_12,망설일 시간은 없었다.,There was no time to hesitate.,迷っている時間はなかった。
story_13,나는 고민 없이 문을 벌컥 열고 안으로 들어갔다.,"Without a second thought, I threw the door open and stepped inside.",私はためらうことなく扉を勢いよく開け、そのまま中へ入った。
story_14,“...있다.”,“...There it is.”,「……あった。」
story_15,"작지만,","Though it was small,",小さいが、
story_16,선명하게 빛나는 성물 하나.,"a single sacred relic, shining brightly.",鮮やかに輝く聖遺物がひとつ。
story_17,나는 곧장 그것을 집어 들었다.,I immediately picked it up.,私はすぐにそれを手に取った。
story_18,“후...”,“...Phew...”,「……ふぅ……」
story_19,"손에 닿는 순간 무겁게 짓눌렀던 몸이,","The moment it touched my hand, the weight that had been pressing down on my body,",手に触れた瞬間、重くのしかかっていた体が、
story_20,거짓말처럼 가벼워졌다.,became light as if it had all been a lie.,嘘のように軽くなった。
story_21,“ 다행이다...”,“...Thank goodness...”,「……よかった……」
story_22,"원래라면 안전한 곳으로 가져갔겠지만,","Normally, I would have taken it somewhere safe,",本来なら安全な場所へ持って行くところだったが、
story_23,지금은 그럴 여유가 없었다.,but I don't have time for that now.,今はそんな余裕がない。
story_24,당장 흡수하지 않으면 버티지 못한다.,"If I don't absorb it now, I won't last much longer.",今すぐ吸収しなければ、もうもたない。
story_25,"나는 성물을 꽉 쥔 채, 눈을 감았다.","Clutching the relic tightly, I closed my eyes.",聖遺物を強く握りしめたまま、目を閉じた。
story_26,따뜻한 빛이 몸을 감싸는 게 느껴졌다.,I felt a warm light envelop my body.,温かな光が体を包み込むのを感じた。
story_27,“...후우...이제 좀... 괜찮...”,“...Phew... that's a little better...”,「……ふぅ……これで少しは……」
story_28,"그때, 갑자기 뒤에서 바스락거리는 소리가 들렸다.","Just then, a rustling sound came from behind me.",そのとき、不意に背後から物音が聞こえた。
story_29,"“...거기, 누군가 있니?”",“...Is someone there?”,「……そこに、誰かいるのかい？」
story_30,“.....!”,“.....!”,「……っ！」
story_31,도망치려 몸을 움직이려는 순간—,The moment I tried to run—,逃げようとした、その瞬間――
story_32,"내 손에 있던 성물이, 보이지 않는 힘에 이끌려 날아갔다.",The relic in my hand was pulled away by an unseen force.,手の中の聖遺物が、見えない力に引かれて飛んでいった。
story_33,“...안돼....!”,“...No...!”,「……だめ……っ！」
story_34,"아름다운 한 남자의 손에, 성물이 되돌아가 있었다.",The relic had returned to the hand of a beautiful man.,聖遺物は、一人の美しい男の手へと戻っていた。
story_35,"“...그거, 내 거라서.”",“...That's mine.”,「……それは私のものなんだ。」
story_36,남자는 당황한 표정조차 없었다.,The man didn't look flustered in the slightest.,男は少しも慌てた様子を見せなかった。
story_37,그저 온화한 미소만 지을 뿐.,He merely smiled gently.,ただ穏やかな微笑みを浮かべているだけだった。
story_38,"작은 성물이 자신의 것이라고 말하는 이 남자를,","Looking at the man who claimed the relic as his own,",小さな聖遺物を自分のものだと言うこの男を見て、
story_39,나는 분명 신일 거라 확신했다.,I was certain he was a god.,私は彼が神なのだと確信した。
story_40,“많이 급해 보이는데...”,“You seem to be in quite a hurry.”,「ずいぶん切羽詰まっているようだね。」
story_41,“돌려줘요.”,“Give it back.”,「返してください。」
story_42,“...그건 못 한단다.”,“...I can't give that to you.”,「……それは渡せないんだ。」
story_43,"단호했지만, 목소리는 여전히 부드러웠다.","Though firm, his voice remained gentle.",きっぱりとしていたが、その声は優しかった。
story_44,"“대신, 이야기 좀 해주지 않으련?”","“Instead, would you tell me what's going on?”",「その代わり、何があったのか話してくれないか。」
story_45,“...왜 이런 짓을 하는지.”,“...Why you're doing this.”,「……なぜこんなことをしているのか。」
story_46,“...하...”,“...Hah...”,「……はぁ……」
story_47,"숨이 점점 가빠지고,","My breathing grew heavier,",息がさらに荒くなり、
story_48,시야가 흔들려왔다.,my vision began to blur.,視界が揺らぎ始めた。
story_49,(아직 전부 흡수하지 못했는데...),(I haven't absorbed it all yet...),（まだ全部吸収できていないのに……）
story_50,“...안 그러면... 죽어...”,“...If I don't... I'll die...”,「……そうしないと……死ぬ……」
story_51,그 말을 끝으로 몸에서 힘이 풀리며 그대로 쓰러졌다.,"The last of my strength gave out, and I collapsed where I stood.",そう言い終えた瞬間、体から力が抜け、その場に倒れ込んだ。
story_52,“...!”,“...!”,「……！」
story_53,그의 얼굴에 놀란 기색이 스쳤다.,A look of surprise crossed his face.,彼の顔に驚きの色がよぎった。
story_54,"잠시 망설이다가, 조용히 다가와","After a brief hesitation, he quietly approached,",少しだけためらった後、静かに近づいてきて、
story_55,쓰러진 나를 받아냈다.,and caught me as I fell.,倒れた私を受け止めた。
story_56,"“...이건, 생각보다 심각하네.”",“...This is more serious than I thought.”,「……これは、思ったより深刻だね。」
story_57,“이 아이는 도대체...”,"""Just who is this girl...?""",「この子はいったい……」
story_58,"눈을 뜨자, 낯선 천장이 보였다.","When I opened my eyes, an unfamiliar ceiling came into view.",目を開けると、見知らぬ天井が目に入った。
story_59,“헉...!”,“Gasp...!”,「はっ……！」
story_60,“...여긴...”,“...Where am I...?”,「……ここは……？」
story_61,아직 살아있다.,I'm still alive.,まだ、生きている。
story_62,나는 몸을 더듬거리며 벌떡 일어났다.,I quickly felt around my body and sat upright.,自分の体を確かめながら、勢いよく起き上がった。
story_63,(분명... 성물을 빼앗겼을 텐데...),(I'm sure... he took the relic...),（確かに……聖遺物を奪われたはずなのに……）
story_65,“깼구나.”,“You're awake.”,「目が覚めたんだね。」
story_66,“...!”,“...!”,「……！」
story_67,온화하게 미소 짓고 있는 남자의 얼굴과 마주쳤다.,I found myself face to face with the man smiling gently at me.,穏やかに微笑む男と目が合った。
story_68,"놀란 것도 잠시, 심장이 묘하게 울렸다.",My surprise lasted only a moment before my heart gave a strange throb.,驚いたのも束の間、胸が不思議に高鳴った。
story_69,(내 심장이... 뭔가 이상해...),(My heart... feels strange...),（心臓が……なんだか変だ……）
story_70,나는 의아해하면서도 그 신을 경계하며 바라보았다.,"Confused, I kept my guard up as I looked at the god.",戸惑いながらも、私は警戒を解かずにその神を見つめた。
story_71,"“조금, 신력을 나누어 주었단다.”",“I shared a little of my divine power with you.”,「少しだけ、神力を分けてあげたんだ。」
select_1_1,왜 도와준 거죠?,Why did you help me?,どうして助けてくれたんですか？
select_1_2,고마워요.,Thank you.,ありがとうございます。
select_1_3,다시 돌려줘요.,Give it back.,返してください。
story_72,“...왜 도와준 거죠?”,“...Why did you help me?”,「……どうして助けてくれたんですか？」
story_74,“...그냥 두고 갈 수가 없어서.”,“...Because I couldn't just leave you there.”,「……放ってはおけなかったから。」
story_75,"“그 상태면, 정말 죽을 것 같았거든.”",“You really looked like you were going to die.”,「あのままだと、本当に死んでしまいそうだったからね。」
story_76,"“그래도, 저는—”","“Even so, I—”",「それでも、私は――」
story_77,“...알아.”,“...I know.”,「……分かっているよ。」
story_78,“아이야...내 걸 훔치러 온 거지?”,"“You came here to steal from me, didn't you?”",「君は……私のものを盗みに来たんだろう？」
story_251,그의 말에 나는 아무 말도 할 수 없었다.,I couldn't find a single word to say.,その言葉に、私は何も返せなかった。
story_80,“...그렇다고 죽게 둘 수는 없잖아.”,“...But that doesn't mean I could let you die.”,「……だからといって、見殺しにはできないだろう。」
story_81,“...고마워요...”,“...Thank you...”,「……ありがとうございます……」
story_83,“...그래.”,“...You're welcome.”,「……うん。」
story_85,“내가 가진 신력이 얼마 남지 않아 조금 걱정했다만”,"“I was a little worried, since I don't have much divine power left myself.”",「私の神力もあまり残っていなかったから、少し心配だったんだけどね。」
story_86,"“네가 무사해서 다행이구나, 아이야.”","""I'm glad you're safe, little one.""",「君が無事でよかったよ。」
story_88,“...그거... 당신 거잖아요.”,“...But that relic belongs to you.”,「……でも、それ……あなたのものなんですよね。」
story_90,“...그래도 괜찮아.”,"“...Even so, it's alright.”",「……それでも構わないよ。」
story_91,“조금 나눠준 것뿐이니까.”,“I only shared a little of it with you.”,「少し分けてあげただけだから。」
story_92,“...다시 돌려줘요.”,“...Please give it back.”,「……返してください。」
story_94,"“그건 안된단다, 아이야.”",“I'm afraid I can't do that.”,「それは返せないんだ。」
story_250,“신이라도 성물이 없으면... 죽을 수 있거든.”,“Even a god can die without their relic.”,「神だって、聖遺物がなければ……死ぬことがあるんだ。」
story_95,"“저, 그거 없으면—”","“But without it, I—”",「でも、私……あれがないと――」
story_96,“...알고 있어.”,“...I know.”,「……分かっているよ。」
story_97,“그래서 조금 나눠준 거야.”,“That's why I shared a little of my power with you.”,「だから少しだけ、神力を分けたんだ。」
story_98,"“...전부 주는 건, 못 한단다.”",“...But I can't give it all to you.”,「……全部を渡すことはできないんだ。」
story_99,말은 단호했지만 목소리는 여전히 부드러웠다.,"Though his words were firm, his voice remained gentle.",言葉はきっぱりとしていたが、その声は変わらず優しかった。
story_100,그의 말에 내 양심이 쿡쿡 찔려오자,His words pricked at my conscience.,彼の言葉に、胸がちくりと痛んだ。
story_101,나도 모르게 한숨이 새어 나왔다.,A sigh escaped my lips before I knew it.,思わずため息がこぼれた。
story_102,“하아...”,“...Sigh...”,「……はぁ……」
story_103,(이 신은...),(This god...),（この神は……）
story_104,(어쩌면 바보일지도 모르겠다.),(Maybe he's a little foolish.),（もしかしたら、お人好しなのかもしれない。）
story_105,(정말 이상한 신이지만...),(He's a really strange god...),（本当に変わった神だけど……）
story_106,(어딘가 낯설지가 않아...),"(Yet somehow, he doesn't feel unfamiliar.)",（なぜだろう、どこか懐かしい気がする……）
story_107,(...분명 처음 보는 신인데.),(...Even though we've never met before.),（……初めて会うはずなのに。）
story_108,얼마나 시간이 지났을까.,I wonder how much time had passed.,どれくらい時間が経っただろう。
story_109,"숨이 가빠오던 몸이, 조금씩 원래대로 돌아오기 시작했다.","My body, once struggling for breath, slowly began to recover.",息苦しかった体も、少しずつ元に戻り始めていた。
story_110,“...조금은 괜찮니?”,“...Are you feeling a little better?”,「……少しは楽になったかい？」
story_112,“...네.”,“...Yes.”,「……はい。」
story_113,“무리하면 또 쓰러질 거란다.”,"“If you push yourself, you'll collapse again.”",「無理をしたら、また倒れてしまうよ。」
story_114,“...당분간은 여기서 쉬어도 괜찮아.”,“...You may stay here and rest for a while.”,「……しばらくは、ここで休んでいくといい。」
select_2_1,...조금 더 쉬었다 갈게요,I'll rest a little longer before I go.,もう少し休んでから行きます。
select_2_2,다른 신당을 찾으러 가볼게요.,I'll go look for another shrine.,別の祠を探しに行きます。
story_115,그가 나를 보며 부드럽게 미소 지었다.,He looked at me and smiled gently.,彼は私を見て、優しく微笑んだ。
story_116,“...그러렴.”,“...Alright.”,「……そうするといい。」
story_117,"벌떡 일어나 급하게 나가려고 하자,","As I hurriedly got to my feet and tried to leave,",慌てて立ち上がり、そのまま出て行こうとすると、
story_118,그가 내 손목을 붙잡았다.,he caught hold of my wrist.,彼が私の手首をつかんだ。
story_119,부드럽지만 놓아주지 않겠다는 듯.,"Gentle, yet unwilling to let me go.",優しい力だったが、離すつもりはないようだった。
story_121,“...잠시만...아이야...”,"""...Wait, little one...""",「……待ってくれ……」
story_122,"“지금 이 상태로 나갔다간 위험할 수 있으니, 조금 더 있다 가지 않으련?”","“In your condition, it could be dangerous to leave right now. Wouldn't you stay a little longer?”",「今の君の状態で出て行くのは危ないかもしれない。もう少しここにいてくれないか？」
story_254,“......알겠어요.”,“......Alright.”,「……分かりました。」
story_123,신당 이라고 하기에도 어색할 정도로 텅 비어 있는 공간에,"In a space so empty it hardly seemed worthy of being called a shrine,",神社と呼ぶにはあまりにも質素なその場所で、
story_124,나와 그는 적당한 거리를 유지하며 앉아있었다.,he and I sat a short distance apart.,私たちは程よい距離を空けて座っていた。
story_125,"이상하게 마음이 가라앉지 않고,","Strangely, I couldn't calm down,",なぜだか落ち着かなくて、
story_126,심장이 이유 없이 두근거렸다.,and my heart kept racing for no reason.,理由もなく胸が高鳴っていた。
story_127,(진짜 왜 이러지...),(What's wrong with me...?),（本当にどうしたんだろう……）
story_128,나도 모르게 시선이 그에게 향했다.,"Before I knew it, my eyes drifted toward him.",気づけば視線が彼へ向いていた。
story_129,(...왜 이렇게 신경 쓰이는 거야...),(...Why do I keep paying attention to him...?),（……どうしてこんなに気になるんだろう……）
story_130,그 순간—,At that moment—,そのとき――
story_131,“...아이야.”,“...Little one.”,「……君。」
story_132,정적을 깨듯 그의 목소리가 들려왔다.,His voice broke the silence.,静寂を破るように、彼の声が聞こえた。
story_133,“...네?”,“...Yes?”,「……はい？」
story_134,"“...지금, 나를 보고 있었니?”",“...Were you looking at me just now?”,「……さっきから、私を見ていたのかい？」
story_135,“...!”,“...!”,「……！」
story_252,“아니거든요...!”,“I wasn't...!”,「見てません……！」
story_136,“...이상하구나.”,"""...How curious.""",「……おかしいな。」
story_137,들킨 것 같아 더 부끄러워졌다.,Feeling as though I'd been caught made me even more embarrassed.,見抜かれた気がして、余計に恥ずかしくなった。
story_138,"나는 쭈그린 채, 무릎에 얼굴을 묻고 아무 말도 없이 가만히 있었다.","Curling up, I buried my face in my knees and stayed silent.",体を小さく丸め、膝に顔を埋めたまま黙り込んだ。
story_139,"그도 정적을 지키며 다시 조용해지자,","He too fell silent once more,",彼もまた静かになると、
story_140,나는 어느새 잠에 들었다.,"and before I knew it, I had fallen asleep.",私はいつの間にか眠っていた。
story_141,"생각할 일은 너무나도 많았지만, 이미 너무 지쳐 있었다.","There was so much to think about, but I was already exhausted.",考えることは山ほどあったのに、私はもう疲れ切っていた。
story_142,"(잠시만— 잠시만 쉬고, 다시 움직이자.)","(Just for a little while... I'll rest a little, then get moving again.)",（少しだけ……少しだけ休んだら、また動こう。）
story_143,"눈을 뜨자, 밖은 어느새 어둑해져 있었다.","When I opened my eyes, it had already grown dark outside.",目を覚ますと、外はすっかり薄暗くなっていた。
story_144,두리번거리며 신당 안을 둘러보았지만 그 신은 없었다.,"I looked around the shrine, but the god was nowhere to be seen.",辺りを見回したが、その神の姿はなかった。
story_145,나는 몸을 일으켜 신당 밖으로 나왔다.,I got to my feet and stepped outside.,私は立ち上がり、外へ出た。
story_146,(그 신은 어디로 간 거지...),(Where did he go...?),（あの神はどこへ行ったんだろう……）
story_147,나는 시원한 밤바람을 쐬며 기지개를 켜고 있었다.,I stretched beneath the cool night breeze.,涼しい夜風に当たりながら、大きく伸びをした。
story_148,“...아이야.”,“...Little one.”,「……君。」
story_149,"그가 갑작스럽게, 내 뒤에서 모습을 드러냈다.",He suddenly appeared behind me.,彼は突然、私の背後に姿を現した。
story_150,“깜짝이야!”,“You startled me!”,「びっくりした！」
story_151,놀란 마음에 심장이 마구 뛰기 시작했다.,My heart immediately began to pound.,驚きで胸が激しく高鳴った。
story_152,“...괜찮니?”,“...Are you alright?”,「……大丈夫かい？」
story_153,“숨이 가빠 보이는데.”,“You seem a little short of breath.”,「少し息が上がっているようだけれど。」
story_154,"“...괘,괜찮아요!”",“I-I'm fine!”,「だ、大丈夫です！」
story_155,(왜...왜 저렇게 빤히 보는 거야...),(Why... why is he staring at me like that...?),（どうして……そんなにじっと見てくるの……？）
story_156,저 신이 나를 바라볼 때마다 이상한 기분에 휩싸였다.,"Whenever he looked at me, I was overcome by a strange feeling.",あの神に見つめられるたび、不思議な気持ちに包まれた。
story_157,(분명 놀란 마음 때문일 거야...),(It must be because he startled me...),（きっと驚いたせいだ……）
story_158,“...음.”,“...Hmm.”,「……うーん。」
story_159,"“조금, 곤란하구나.”",“This is a little troubling.”,「少し困ったことになったね。」
story_160,“뭐가요?”,“What is?”,「何がですか？」
story_161,"“내가 네게 신력을 준 것이 문제였는지, 감정이 공유되고 있는 것 같구나.”","“Perhaps because I shared my divine power with you, it seems our emotions are being shared as well.”",「私が君に神力を分けたせいだろうか。どうやら感情まで繋がってしまっているようだね。」
story_162,"“...네가 느끼는 게, 마치 내 것인 것처럼.”",“...What you feel reaches me as though it were my own.”,「……君が感じていることが、まるで自分のことのように伝わってくる。」
story_163,“아마 너도 마찬가지이겠지...”,“I imagine it's the same for you.”,「おそらく、君も同じだろう。」
story_164,“....네...?”,“...What?”,「……え……？」
story_165,“...이상하구나...이런 연결은 처음인데...”,“...How curious... I've never experienced a connection like this before...”,「……不思議だね……こんな繋がりは初めてだ……」
story_166,“말도 안 돼요.”,“That's impossible.”,「そんなはずありません。」
story_167,"나는 여러 번 성물을 훔치며 다녔지만,","I had stolen many sacred relics before,",私はこれまで何度も聖遺物を盗んできたが、
story_168,이런 식으로 연결된 적은 단 한 번도 없었다.,but nothing like this had ever happened.,こんなふうに繋がったことは一度もなかった。
story_169,"어떻게 해야 할지 몰라, 그저 안절부절 못할 뿐이었다.","Not knowing what to do, all I could do was fidget anxiously.",どうすればいいのか分からず、ただ落ち着かないまま立ち尽くしていた。
story_170,"“일단.. 지금 상태로는, 알 방법이 없겠구나.”",“For now... I don't think there's any way to know what's causing this.”,「ひとまず……今のところは、原因を知る方法がなさそうだね。」
story_253,“원인을 알아봐야겠어.”,“We'll have to find out what's behind it.”,「原因を調べてみる必要がありそうだ。」
story_171,"“괜찮다면...그동안은, 나와 함께 다니지 않으련?”",“If you don't mind... would you stay with me until we figure it out?”,「よければ……それまでは、私と一緒に来てくれないか？」
story_255,“......”,“......”,「……」
story_172,“그럼... 저는 신력을 구할 곳이 없어요.”,“Then... I won't have any way to obtain divine power.”,「でも……そうしたら、私は神力を得る手段がありません。」
story_173,“...그건 걱정하지 말려무나.”,"“...You needn't worry about that, little one.”",「……それなら心配はいらないよ、君。」
story_174,"“나와 연결된 탓에, 조금씩 내 신력이 네게 흘러 들어가고 있으니.”","“Because we're connected, a little of my divine power is already flowing into you.”",「私たちは繋がってしまっているからね。少しずつ私の神力が君へ流れているようなんだ。」
story_175,"그의 말에, 조금 안심이 된 것 같았다.",His words eased my worries a little.,その言葉を聞いて、少しだけ安心した。
story_176,적어도 당장 죽을 일은 없으니까.,"At least, I wasn't going to die anytime soon.",少なくとも、今すぐ死ぬことはなさそうだった。
story_178,(상당히 골치 아파졌네... 하지만 방법이 없으니...),(This has become quite a headache... but I don't really have a choice.),（ずいぶん厄介なことになったな……でも、他に方法もないし……）
story_179,“...알겠어요...”,“...Alright.”,「……分かりました……」
story_180,그가 나를 잠시 바라보았다.,He looked at me for a moment.,彼はしばらく私を見つめていた。
story_181,"“...이대로 함께 다니려면, 이름 정도는 알아야 하지 않겠니?”","“...If we're going to be traveling together, we should at least know each other's names, shouldn't we?”",「……これから一緒に行動するなら、せめて名前くらいは知っておくべきじゃないかな？」
story_182,“...이름이요?”,“...My name?”,「……名前、ですか？」
story_183,(알려줘도 되는 걸까...),(Is it really alright to tell him...?),（教えてしまってもいいのかな……）
story_184,나는 잠시 고민하다 입을 열었다.,"After a moment of hesitation, I finally spoke.",少し迷った末、私は口を開いた。
story_185,“제 이름은...”,“My name is...”,「私の名前は……」
story_1500,“{0}....이에요...”,“...I'm {0}.”,「……{0}です……」
story_186,“...{0}...”,“...{0}...”,「……{0}……」
story_187,“...좋은 이름이구나.”,“...That's a lovely name.”,「……いい名前だね。」
story_188,그가 내 이름을 부르는 순간,"The moment he spoke my name,",彼が私の名前を呼んだ瞬間、
story_189,"심장이, 괜히 더 크게 울렸다.",my heart gave an even stronger thump.,胸が、なぜだか強く高鳴った。
story_190,“...!”,“...!”,「……！」
story_191,"조금 전까지는 아무렇지 않았던 감정이,",Feelings that hadn't seemed important just moments ago,さっきまでは気にも留めていなかった感情が、
story_192,이름 하나로 훨씬 선명해진 느낌이다.,suddenly felt much clearer because of a single name.,名前ひとつで、急にはっきりした気がした。
story_193,"왠지 모를 부끄러움에, 그의 이름을 물었다.","Embarrassed for reasons I couldn't explain, I asked for his name.",理由の分からない気恥ずかしさに、私は彼の名前を尋ねた。
story_194,“...신님 이름은 뭐에요?”,"“...What's your name, Mister God?”",「……神様のお名前は何ですか？」
story_195,"“저도 알려드렸으니, 신님 이름도 알려주세요.”","“I told you mine, so you should tell me yours too.”",「私も教えたんですから、神様も教えてください。」
story_196,운 하연,,
story_197,“...운 하연이란다.”,“...My name is Un Hayeon.”,「……ウン・ハヨンというんだ。」
story_199,“...운...하연...예쁜 이름이네요.”,“...Un... Hayeon... That's a beautiful name.”,「……ウン……ハヨン……素敵なお名前ですね。」
story_200,고작 이름을 주고받았을 뿐인데 두근거리는 심장을 진정시킬 수 없었다.,"We had only exchanged names, yet I couldn't calm my racing heart.",名前を交換しただけなのに、胸の高鳴りが収まらなかった。
story_201,그가 내 감정을 느끼는 듯 움찔 거리는 게 눈에 보였다.,"I could see him flinch, as though he had felt the emotions stirring inside me.",私の感情が伝わったのか、彼がわずかに身じろぐのが見えた。
story_203,"“...그럼, 이런 것도 전부 느끼고 있는 거예요?”","“...Then, can you feel all of this too?”",「……じゃあ、こういう気持ちも全部伝わっているんですか？」
story_204,“...응.”,“...Yes.”,「……ああ。」
story_205,“너무 부끄러운데...”,“That's so embarrassing...”,「すごく恥ずかしいんですけど……」
story_206,“...그만 느끼면 안 돼요?”,“...Can't you stop feeling it?”,「……感じないようにはできませんか？」
story_207,“나도 그러고 싶단다.”,"“I'd like that too, little one.”",「私もそうしたいところだね、君。」
story_208,"“...하지만, 지금은 방법을 모르겠구나.”","“...But for now, I don't know how.”",「……だが、今は方法が分からないんだ。」
story_209,"그의 시선이, 잠시 내게 머물렀다.",His gaze lingered on me for a moment.,彼の視線が、しばらく私の上に留まった。
story_210,"피해야 할 것 같은데, 눈을 뗄 수가 없었다.","I felt like I should look away, yet I couldn't.",目を逸らした方がいい気がするのに、どうしても逸らせなかった。
story_211,“...감정 공유라니...”,“...Sharing emotions...”,「……感情の共有だなんて……」
select_3_1,...불편하네요.,...It's uncomfortable.,……居心地が悪いですね。
select_3_2,"...조금 이상하지만, 나쁘진 않네요.","...It's a little strange, but I don't dislike it.",……少し変ですけど、悪くないですね。
story_212,“...불편하네요.”,“...It's uncomfortable.”,「……やっぱり落ち着きませんね。」
story_213,나도 모르게 본심이 툭 튀어나왔다.,The honest truth slipped out before I could stop it.,思わず本音が口をついて出た。
story_214,“...그렇겠지.”,“...I suppose so.”,「……そうだろうね。」
story_215,“네 감정을 내 마음대로 들여다보는 셈이니까.”,“It's as if I'm peering into your feelings without your permission.”,「君の気持ちを勝手に覗いているようなものだからね。」
story_216,그가 시선을 내리며 말했다.,He lowered his gaze as he spoke.,彼は視線を落としながらそう言った。
story_217,“...미안하구나.”,"“...I'm sorry, little one.”",「……すまない、君。」
story_218,사실 내가 훔치지 않았다면 이 신에게는 이런 일이 생기지 않았을 터였다.,"Truthfully, none of this would have happened to him if I hadn't stolen from him in the first place.",そもそも私が盗まなければ、この神がこんな目に遭うこともなかったはずだ。
story_219,(...사과해야 할 사람은 나인 것 같은데...),(...I think I'm the one who should be apologizing...),（……謝るべきなのは私の方だと思うけれど……）
story_220,"“...아뇨, 살고자 한 행동이었지만 제가 잘못한 게 맞는걸요.”","“...No. I did it because I wanted to live, but what I did was still wrong.”",「……いいえ。生きたかったからしたことですけど、それでも私が間違っていたんです。」
story_221,나는 그의 눈을 피해버렸다.,"Unable to face him, I looked away.",私は彼の視線から逃げるように目を逸らした。
story_222,"“...조금 이상하지만, 나쁘진 않네요.”","“...It's a little strange, but I don't dislike it.”",「……少し変ですけど、悪くないですね。」
story_223,“...그래?”,“...Is that so?”,「……そうかい？」
story_224,"“나도, 그렇게 생각하고 있었단다.”","“I was thinking the same thing, little one.”",「私も、ちょうどそう思っていたところだよ、君。」
story_225,"그의 예쁜 미소를 보고 있자, 시선을 뗄 수 없었다.","As I watched his beautiful smile, I found myself unable to look away.",その綺麗な微笑みを見ていると、目を逸らせなくなった。
story_226,자신의 성물을 훔치려고 한 인간마저 도와준 이 신은...,This god had even helped the human who tried to steal from him...,自分の聖遺物を盗もうとした人間にまで手を差し伸べるこの神は……
story_227,어떻게 이토록 다정할 수 있는 걸까.,How could he be so kind?,どうしてこんなにも優しいのだろう。
story_228,"그래서, 나도 모르게 물어버렸다.","Before I knew it, the question slipped from my lips.",だからだろうか、気づけば私はそう尋ねていた。
story_229,“...인간을... 좋아하시나 봐요?”,“...You seem to like humans.”,「……人間が、お好きなんですか？」
story_230,"“...인간은, 짧게 사는 존재이지.”",“...Humans live such short lives.”,「……人間は、短い命を生きる存在だからね。」
story_231,“그래서인지 필사적으로 살아가더구나.”,“Perhaps that's why they struggle so desperately to live.”,「だからだろうか、皆必死に生きている。」
story_232,“...그게 좋아서요?”,“...Is that what you like about them?”,「……そこが好きなんですか？」
story_233,"“...음... 좋다기보다는 외면할 수 없달까, 신경이 쓰인단다.”",“...Hmm... It's not that I like it. I just can't seem to ignore it. It stays on my mind.”,「……うーん……好きというより、放っておけないというか、気になってしまうんだ。」
story_234,“.....특히 너는 더 그렇고.”,“...Especially you.”,「……特に君は、なおさらね。」
story_235,그때—,Then—,そのとき――
story_236,"갑자기, 심장이 세게 요동쳤다.","Suddenly, my heart lurched violently.",突然、胸が大きく波打った。
story_237,“...읏...!”,“...Ah...!”,「……っ……！」
story_238,“...아이야?”,“...Little one?”,「……君？」
story_239,(이건 내 감정이 아니야...),(These aren't my feelings...),（これは私の感情じゃない……）
story_240,(분명—),(Then this must be—),（まさか――）
story_241,나는 그를 바라보며 말했다.,"Looking at him, I spoke.",私は彼を見つめながら口を開いた。
story_242,“...지금... 신님이에요?”,"“...Is this you, Mister God?”",「……今の、神様なんですか？」
story_243,그가 부끄러운 듯 고개를 끄덕였다.,"He nodded, looking faintly embarrassed.",彼は少し気まずそうに頷いた。
story_244,"“...조금, 이상한 기분이 들어서.”",“...I was feeling a little strange.”,「……少し、妙な気分になってしまってね。」
story_245,"그의 감정이, 그대로 흘러 들어온다.",His emotions flowed straight into me.,彼の感情が、そのまま流れ込んでくる。
story_246,불안.,Anxiety.,不安。
story_247,그리고...,And...,そして……
story_248,가슴 한쪽이 서서히 저려오는 듯한 감각.,A faint ache slowly spreading through one side of his chest.,胸の奥がじわりと痛むような感覚。
story_249,"“...이건, 그냥 둘 수 있는 상태가 아닌 것 같구나.”",“...I don't think this is something we can simply leave alone.”,「……これは、放っておける状態ではなさそうだね。」
select_4_1,그럼 어떻게 해야 하죠?,Then what should we do?,それじゃ、どうすればいいんですか？
select_4_2,...이 상태로도 괜찮지 않아요?,...Is it really so bad to leave things as they are?,……このままじゃ駄目なんですか？
story_256,“방법을 찾아야겠지.”,“We'll have to find a solution.”,「方法を探さないといけないね。」
story_257,"“이건 분명, 정상적인 상황이 아니니까.”",“This clearly isn't normal.”,「これは明らかに、普通の状態じゃないからね。」
story_258,"“지금은 괜찮을지도 모르지만, 이런 경우는 본 적도, 들은 적도 없단다.”","“It may seem alright for now, but I've never seen or even heard of anything like this before.”",「今は問題ないかもしれない。でも、こんなことは見たことも聞いたこともないんだ。」
story_259,“아마도... 이 상태가 계속된다면 분명 문제가 생길 거야.”,“And if it continues like this... I'm certain it will eventually cause problems.”,「おそらく……この状態が続けば、きっと何か問題が起こるだろう。」
story_260,그가 잠시 생각하는 듯 정적이 흘렀다.,A brief silence passed as though he were deep in thought.,彼が考え込むように、しばし沈黙が流れた。
story_261,“한 가지 방법이 있긴 하겠구나.”,“There may be one way.”,「ひとつだけ、方法があるかもしれないね。」
story_262,“어떤 방법이요?”,“What kind of method?”,「どんな方法ですか？」
story_263,“...천계에 가보는 거야.”,“...We go to the Heavenly Realm.”,「……天界へ行ってみるんだ。」
story_264,“천계요...?”,“The Heavenly Realm...?”,「天界……ですか？」
story_265,그가 고개를 끄덕이며 말했다.,He nodded as he spoke.,彼は頷きながら言った。
story_266,"“신들 중에서도, 이 현상을 설명할 수 있는 존재는”","“Among the gods, there's only one who might be able to explain what's happening to us.”",「神々の中でも、この現象を説明できる方は――」
story_267,“...그 분 밖에 없을 테니까.”,“...because there's no one else.”,「……あの方しかいないだろうからね。」
story_268,“저도... 같이 갈 수 있어요?”,“Can I... go there too?”,「私も……一緒に行けますか？」
story_269,“평소의 상태였다면 문제없었겠지만.”,"“Under normal circumstances, that wouldn't be a problem.”",「普段の状態なら問題なかっただろうけれど。」
story_270,"“...지금은, 조금 무리가 있을지도 모르겠구나.”","“...But right now, it may be a little difficult.”",「……今は、少し難しいかもしれないね。」
select_5_1,시도해보는 게 좋을 것 같아요.,I think it's worth trying.,試してみた方がいいと思います。
select_5_2,...위험한 거 아니에요?,...Isn't it dangerous?,……危なくないんですか？
story_271,“시도해보는 게 좋을 것 같아요.”,“I think it's worth trying.”,「試してみた方がいいと思います。」
story_272,"“...이 상태로는, 계속 살 수 없으니까.”",“...I can't keep living like this forever.”,「……このままでは、生き続けることもできませんから。」
story_273,“...그래.”,“...You're right.”,「……そうだね。」
story_274,그가 부드럽게 미소 지었다.,He smiled gently.,彼は優しく微笑んだ。
story_275,"“용감하구나, 아이야.”","“You're brave, little one.”",「君は勇敢だね。」
story_276,“...위험한 거 아니에요?”,“...Isn't it dangerous?”,「……危なくないんですか？」
story_277,“...위험하지 않다고는 못 하겠구나.”,“...I can't say it isn't.”,「……危険じゃないとは言えないね。」
story_278,"“...하지만, 다른 방법이 없단다.”",“...But I'm afraid we have no other choice.”,「……だが、他に方法がないんだ。」
story_279,그가 씁쓸하게 웃었다.,A faintly bitter smile crossed his face.,彼は少し寂しげに微笑んだ。
story_280,"잠시 후,","A little while later,",しばらくして、
story_281,그가 밤하늘을 올려다보며 말했다.,He looked up at the night sky and spoke.,彼は夜空を見上げながら言った。
story_282,“이곳에서 천계로 가는 길이 열리는 건 한 달에 한 번뿐이란다.”,“The path from here to the Heavenly Realm opens only once a month.”,「ここから天界へ続く道が開くのは、月に一度だけなんだ。」
story_283,"“보름달이 뜨는, 바로 오늘 같은 날이지.”",“On a night when the full moon rises. A night just like tonight.”,「満月が昇る夜――ちょうど今夜のような日だね。」
story_284,연한 하늘빛의 머리카락이,His pale sky-blue hair,淡い空色の髪が
story_285,달빛을 머금어 은은하게 빛났다.,shimmered softly beneath the moonlight.,月明かりを受けて柔らかく輝いていた。
story_286,보름달과 그의 미소가 퍽 잘 어울려 이상하리 만큼 눈을 뗄 수 없었다.,The full moon and his smile suited each other so perfectly that I couldn't look away.,満月と彼の微笑みは不思議なくらいよく似合っていて、目を逸らせなかった。
story_287,그 모습을 보자 심장이 다시 두근거렸다.,"At the sight of him, my heart began racing again.",その姿を見た途端、胸がまた高鳴り始めた。
story_288,“...아이야.”,“...Little one.”,「……君。」
story_289,"“그...심장이, 꽤 크게 울리는구나.”",“Um... your heart is beating rather loudly.”,「その……ずいぶん胸が高鳴っているようだね。」
story_290,"그도 느꼈는지,","Perhaps he had felt it too,",彼も感じ取ったのだろうか、
story_291,조금 부끄러운 듯 시선을 피했다.,"he looked away, seeming slightly embarrassed.",少し気恥ずかしそうに視線を逸らした。
story_292,"(정말, 쓸데없이 솔직해서는...!)",(Honestly... why does he have to be so honest?!),（もう……変なところで正直なんだから……！）
story_293,"“...어, 얼른 가요...!”",“L-Let's just go already...!”,「は、早く行きましょう……！」
story_294,그가 손바닥 위에 신력을 모아,"He gathered divine power in the palm of his hand,",彼が手のひらに神力を集め、
story_295,달을 향해 가볍게 흩뿌리자,then lightly scattered it toward the moon.,月へ向かって軽く振りまくと、
story_296,"달빛이, 서서히 짙어지기 시작했다.",The moonlight slowly began to deepen.,月明かりが、ゆっくりと濃くなり始めた。
story_297,"그러자, 흩어져 있던 빛들이","Then, the scattered lights",すると、散らばっていた光たちが
story_298,하나둘 모여 우리의 발끝으로 흘러내렸다.,gathered one by one and flowed down to our feet.,ひとつ、またひとつと集まり、私たちの足元へ流れ落ちてきた。
story_299,"그리고, 그 빛이 신력에 반응하며","Then, responding to his divine power,",そして、その光は神力に反応して、
story_300,길처럼 이어졌다.,it stretched out like a path.,道のように続いていった。
story_301,놀라운 광경에 가만히 바라볼 수밖에 없었다.,"I could only stand there, staring at the breathtaking sight.",あまりに不思議な光景に、ただ見つめることしかできなかった。
story_302,“...이건...”,“...This is...”,「……これは……」
story_303,“너무 예뻐요...”,“It's so beautiful...”,「すごく綺麗です……」
story_304,내 말에 그는 온화하게 웃었다.,"At my words, he smiled gently.",私の言葉に、彼は穏やかに微笑んだ。
story_305,“...다행히.”,"“...Fortunately,”",「……どうやら。」
story_306,“길이 열렸구나.”,“the path has opened.”,「道は開いたようだね。」
story_307,그가 조용히 손을 내밀었다.,He quietly held out his hand.,彼は静かに手を差し出した。
story_308,나는 잠시 망설이다 그 손을 잡았다.,"After a moment of hesitation, I took it.",私は少しためらってから、その手を取った。
story_309,"빛으로 이루어진 길 위를, 천천히 함께 걸어갔다.","Together, we slowly walked along the path of light.",光でできた道の上を、私たちはゆっくりと歩いていった。
story_310,"달에 가까워질수록,","As we drew closer to the moon,",月へ近づくにつれて、
story_311,빛이 점점 강해져 왔다.,the light grew brighter and brighter.,光はますます強くなっていった。
story_312,“읏...!”,“Ah...!”,「っ……！」
story_313,(빛이 너무 밝아...! 눈을 못 뜨겠어...!),(It's too bright...! I can't open my eyes...!),（眩しすぎる……！目が開けられない……！）
story_314,눈을 제대로 뜰 수 없을 만큼 강한 빛이 쏟아져 내렸다.,Light poured down so intensely that I could barely keep my eyes open.,目を開けていられないほど強い光が降り注いだ。
story_315,“이런... 너에게는 조금 무리일 수도 있겠구나.”,"“Oh dear... This may be a little too much for you, little one.”",「これは……君には少し厳しいかもしれないね。」
story_316,"“나를 믿고, 눈을 감고 따라와 주겠니?”","“Trust me, close your eyes, and follow me.”",「私を信じて、目を閉じたままついて来てくれないか？」
story_317,"내 손을 잡은 그의 손에, 조금 더 힘이 들어갔다.",His hand tightened slightly around mine.,私の手を握る彼の手に、少しだけ力が込められた。
story_318,“...알겠어요.”,“...Alright.”,「……分かりました。」
story_319,"나는 눈을 감은 채, 그가 이끄는 방향으로 걸음을 옮겼다.","Keeping my eyes closed, I followed where he led me.",私は目を閉じたまま、彼に導かれる方向へ歩き出した。
story_320,잠시 후—,A little while later—,しばらくして――
story_321,“도착했단다.”,"“We've arrived, little one.”",「着いたよ、君。」
story_322,“...눈을 떠 보렴.”,“...Open your eyes.”,「……目を開けてごらん。」
story_323,그의 부드러운 목소리와 함께,"At the sound of his gentle voice,",彼の優しい声に導かれるように、
story_324,"천천히 눈을 뜨자,","I slowly opened my eyes,",私はゆっくりと目を開いた。
story_325,눈앞에는 현실과는 전혀 다른 풍경이 펼쳐져 있었다.,Before me lay a sight unlike anything in the mortal world.,目の前には、現実とはまるで異なる景色が広がっていた。
story_326,"거대한 궁궐, 코앞에 있는듯한 거대한 달과 빛으로 이루어진 거리.","A vast palace, an enormous moon that seemed close enough to touch, and streets woven from light.",巨大な宮殿。手を伸ばせば届きそうなほど近くに見える大きな月。そして光でできた街並み。
story_327,“...와...”,“...Wow...”,「……わぁ……」
story_328,나도 모르게 감탄이 새어 나왔다.,An awestruck breath escaped my lips before I knew it.,思わず感嘆の声が漏れた。
story_329,"두리번거리며 그를 따라 커다란 궁궐 안으로 들어가자,","Looking around curiously, I followed him into the vast palace.",辺りを見回しながら彼について大きな宮殿へ入ると、
story_330,높은 자리에 앉아 있는 한 존재가 눈에 들어왔다.,A figure seated upon a lofty throne came into view.,高い座に腰掛けるひとりの存在が目に入った。
story_331,"어린 모습이었지만,","Though they appeared young,",見た目は幼いが、
story_332,그 눈빛만은 가볍게 넘길 수 없는 무게를 지니고 있었다.,there was an undeniable weight in their gaze.,その眼差しには軽く受け流せない重みがあった。
story_333,“...오랜만이구나.”,“...It has been a long time.”,「……久しいな。」
story_334,"“헌데, 그 아이는.”",“But that child...”,「だが、その子は――」
story_335,"그 신의 시선이, 싸늘하게 나를 향했다.","The god's gaze fell upon me, cold and piercing.",その神の視線が、冷たく私へ向けられた。
story_336,마치 전부 꿰뚫어 보는 것 같은 눈이었다.,It felt as though those eyes could see through everything.,まるですべてを見透かしているような目だった。
story_337,"“...결국, 이렇게 되었구나.”",“...So it has come to this after all.”,「……やはり、こうなったか。」
story_338,“...?”,“...?”,「……？」
story_339,"“...기억하지 못하는 것이, 오히려 다행일 수도 있겠지.”",“...Perhaps it is a blessing that you do not remember.”,「……覚えていないことが、むしろ幸運なのかもしれぬな。」
story_340,“...무슨 말이에요?”,“...What do you mean?”,「……どういう意味ですか？」
story_341,"“...무슨 말씀이십니까, 천제님.”","“...What do you mean by that, Your Majesty?”",「……それは、どういう意味でしょうか。天帝様。」
story_342,천제라는 그 신은 뜻을 알 수 없는 작은 웃음을 보였다.,The god called the Heavenly Emperor gave a faint smile whose meaning I couldn't read.,天帝と呼ばれたその神は、真意の分からない小さな笑みを浮かべた。
story_343,"“너는...이미 한 번, 선택한 적이 있지 않느냐.”","“You have... already made that choice once before, have you not?”",「お前は……すでに一度、選んでいるではないか。」
story_344,“하연.”,“Hayeon.”,「ハヨン。」
story_345,"그 말이 떨어지는 순간 심장이, 세차게 울렸다.","The moment those words left his lips, my heart lurched violently.",その言葉が発せられた瞬間、胸が大きく波打った。
story_346,“...윽...!”,“...Ugh...!”,「……っ……！」
story_347,“...아이야...”,“...Little one...”,「……君……」
story_348,이건 내 감정이 아니다.,These weren't my feelings.,これは私の感情じゃない。
story_349,...그의 감정이다.,...They were his.,……彼の感情だ。
story_350,그의 불안과 설명할 수 없는 흔들림이,His anxiety and an indescribable turmoil,彼の不安と、言葉にできない揺らぎが
story_351,계속해서 전해져 왔다.,continued to flow into me.,絶えず伝わってきた。
story_352,“그 연결은 우연이 아니다.”,“That connection is no coincidence.”,「その繋がりは偶然ではない。」
story_353,“이미 한 번 이어졌던 인연이...다시 이어진 것뿐.”,“A bond that was once joined has simply been connected once more.”,「一度結ばれた縁が……再び結ばれただけだ。」
story_354,“...연결...이요...?”,“...A connection...?”,「……繋がり……ですか……？」
story_355,“너희 둘 사이에 있는 그것 말이다.”,“The one that exists between the two of you.”,「お前たち二人の間にある、それのことだ。」
story_356,"“감정, 생명, 그리고…기억까지.”","“Your emotions, your lives, and even your memories.”",「感情、命、そして……記憶までも。」
story_357,“기억...이라뇨...?”,“...Memories?”,「……記憶……ですか……？」
story_358,"“잊혀진 것은, 사라진 것이 아니다.”",“What is forgotten is not truly gone.”,「忘れられたものは、消えたわけではない。」
story_359,"“단지, 닿지 않는 곳에 있을 뿐.”",“It merely rests beyond your reach.”,「ただ、手の届かぬ場所にあるだけだ。」
story_360,“...이 연결을 끊는 방법은... 있는 겁니까.”,“...Is there a way to break this connection?”,「……この繋がりを断つ方法は……あるのですか。」
story_361,“...있다.”,“...There is.”,「……ある。」
story_362,"“하지만, 나는 개입할 수 없다.”",“But I cannot intervene.”,「だが、私は介入できない。」
story_363,“...왜요?”,“...Why?”,「……なぜですか？」
story_364,“그건...‘경계’의 문제이기 때문이다.”,“Because it lies beyond my domain.”,「それは……『境界』の問題だからだ。」
story_365,"“너희의 기억은, 이미...”",“Your memories have already...”,「お前たちの記憶は、すでに……」
story_366,“명계에 묻혀 있으니.”,“...been buried in the Underworld.”,「……冥界に埋もれているのだからな。」
story_367,“명계...”,“The Underworld...”,「冥界……」
story_368,(천계에 이어 명계라니...),"(First the Heavenly Realm, and now the Underworld...?)",（天界の次は、今度は冥界……？）
story_369,“그곳에 가거라.”,“Go there.”,「そこへ行くがいい。」
story_370,“잃어버린 것을 되찾고...스스로 선택해라.”,“Recover what was lost... and make your own choice.”,「失ったものを取り戻し……自ら選ぶのだ。」
story_371,"“...끊을 것인지, 이어갈 것인지.”","“...Whether to sever it, or continue it.”",「……断つのか、繋ぎ続けるのかをな。」
select_6_1,...연결을 끊고 싶어요.,...I want to break the connection.,……この繋がりを断ちたいです。
select_6_2,기억을 되찾고 싶어요.,I want to recover my memories.,記憶を取り戻したいです。
select_6_3,...모르겠어요.,...I don't know.,……分かりません。
story_372,"“...이런 건, 원하지 않았어요.”",“...This isn't what I wanted.”,「……こんなの、望んでいたわけじゃありません。」
story_373,"“끊을 수 있다면, 끊고 싶어요.”","“If it can be severed, then I want to end it.”",「断てるのなら、断ちたいです。」
story_374,그가 조용히 고개를 끄덕이며 말했다.,He quietly nodded.,彼は静かに頷いた。
story_375,“...그래.”,“...Alright.”,「……そうか。」
story_376,"“네가 원한다면, 그렇게 하자.”","“If that's what you want, then we'll do that.”",「君がそう望むなら、その通りにしよう。」
story_377,그의 감정이 미세하게 흔들리는 것이 느껴졌다.,I felt a faint ripple in his emotions.,彼の感情がわずかに揺らいだのを感じた。
story_378,“신님도 계속 이런 상태라면 불편할 거예요.”,"“This can't be comfortable for you either, can it?”",「神様だって、こんな状態が続けば困りますよね。」
story_379,그는 아무 말도 하지 않았지만,"He said nothing, but",彼は何も答えなかったけれど、
story_380,표정을 보자 왠지 모르게 가슴 한쪽이 아려왔다.,something in his expression made my chest ache.,その表情を見た瞬間、なぜだか胸の奥が痛んだ。
story_381,“...왜 제게...이런 일이 일어난 건지...알고 싶어요.”,“...I want to know why this happened to me...”,「……どうして私に……こんなことが起きたのか……知りたいです。」
story_382,“...그래.”,“...I understand.”,「……そうか。」
story_383,"“나도, 알고 싶구나.”","“I want to know as well, little one.”",「私も、知りたいと思っているよ、君。」
story_384,"그가 조용히 웃었지만, 눈빛이 깊어졌다.","He smiled quietly, but something in his eyes grew more distant and thoughtful.",彼は静かに微笑んだが、その眼差しはどこか深く沈んでいた。
story_385,“...이게 뭔지도 모르겠고...”,“...I don't even know what any of this means...”,「……何が何だか分からなくて……」
story_386,“너무...너무 혼란스러워요.”,“I'm just... so confused.”,「すごく……混乱しています。」
story_387,“...괜찮다.”,“...It's alright.”,「……大丈夫だ。」
story_388,“천천히 생각해도 된단다.”,“You can take your time.”,「ゆっくり考えればいい。」
story_389,"“...내가, 너와 함께 있을 테니.”","“...I'll be with you, little one.”",「……私が君のそばにいるから。」
story_390,그가 걱정하는 듯이 나를 바라보았다.,He looked at me with quiet concern in his eyes.,彼は心配そうに私を見つめていた。
story_391,"“선택은, 언제나 늦지 않는다.”",“A choice is never made too late.”,「選択は、決して遅すぎることはない。」
story_392,"“하지만...대가는, 반드시 따르지.”",“But every choice carries a price.”,「だが……代償は、必ず伴う。」
story_393,“...가거라.”,“...Go.”,「……行くがよい。」
story_394,천제가 손을 뻗자 빛이 번지듯,"As the Heavenly Emperor extended his hand, light spread outward.",天帝が手を差し伸べると、光が広がるように
story_395,시야가 흐려졌다.,My vision blurred.,視界が霞んだ。
story_396,"달빛 아래,","Beneath the moonlight,",月明かりの下、
story_397,우리는 말없이 서 있었다.,we stood in silence.,私たちは黙ったまま立ち尽くしていた。
story_398,천계에 다녀온 뒤로 가슴 한구석이 계속 답답하게 아려 왔다.,"Ever since returning from the Heavenly Realm, a dull ache lingered deep within my chest.",天界から戻ってきてからというもの、胸の奥がずっと重く痛んでいた。
story_399,(이건 도대체...),(What is this...?),（これは一体……）
story_552,(누구의 감정인 거야...),(Whose feelings are these...?),（誰の感情なんだろう……）
story_400,이 감정이 그의 것인지... 내 것인지...,Whether these feelings belonged to him... or to me...,この感情が彼のものなのか……それとも私のものなのか……
story_401,도무지 알 수 없었다.,I had no way of knowing.,まるで分からなかった。
story_402,"생각에 잠겨 있을 때, 그가 조용히 입을 열었다.","As I sat lost in thought, he quietly spoke.",考え込んでいると、彼が静かに口を開いた。
story_403,"“...날이 차구나, 아이야.”","“...The night is growing cold, little one.”",「……冷えてきたね、君。」
story_404,"“명계에 가야 하니,”","“We still have to journey to the Underworld,”",「冥界へ行かなければならないし、」
story_405,“지금은...일단 쉬자꾸나.”,"“...so for now, let us rest.”",「……今はひとまず休もう。」
story_406,나는 말없이 고개를 끄덕였다.,I nodded without a word.,私は黙って頷いた。
story_407,"그를 따라, 그의 신당 안으로 들어갔다.","Following him, I stepped into his shrine.",彼の後を追って、その神殿の中へ入っていった。
story_408,가만히 앉아 천계에서 들었던 말들을 되새겼다.,"Sitting quietly, I replayed the words we had heard in the Heavenly Realm.",静かに座りながら、天界で聞いた言葉を思い返していた。
story_409,(기억...연결...명계...),(Memories... the connection... the Underworld...),（記憶……繋がり……冥界……）
story_410,머릿속이 복잡하게 뒤엉킨다.,My thoughts tangled into a hopeless knot.,頭の中がぐちゃぐちゃに絡み合っていく。
story_411,걱정과 불안이 천천히 마음을 짓눌렀다.,Worry and unease slowly weighed on my heart.,不安と戸惑いが、ゆっくりと胸を締めつけていく。
story_412,"그때, 그가 조용히 내 옆으로 다가왔다.","Just then, he quietly stepped over to my side.",その時、彼が静かに私の隣へやって来た。
story_413,"부드러운 손길이, 내 머리 위에 닿았다.",A gentle hand came to rest atop my head.,優しい手が、そっと私の頭に触れた。
story_414,“걱정이 많을 테지.”,"“You have a lot on your mind, don't you?”",「心配なことがたくさんあるんだろうね。」
story_415,"“...네 불안이, 전해지고 있단다.”",“...I can feel your anxiety.”,「……君の不安が伝わってくるんだ。」
story_416,"나는 아무 말도 하지 못한 채,","Unable to say anything,",私は何も言えないまま、
story_417,그의 손길을 가만히 느끼고 있었다.,I quietly felt the warmth of his touch.,彼の優しい手の温もりを感じていた。
story_418,"이내 그가, 나에게 가까이 다가왔다.","Then, he slowly leaned closer.",やがて彼は、そっと私との距離を縮めた。
story_419,“...?”,“...?”,「……？」
story_420,"그의 얼굴이 점점 가까워지자,","As his face drew nearer and nearer,",彼の顔がだんだん近づいてきて、
story_421,놀라서 몸이 굳었다.,my whole body froze.,驚いて体が固まった。
story_422,“...!”,“...!”,「……！」
story_423,“...잠깐...!”,“...W-Wait...!”,「……ま、待って……！」
story_424,당황한 나는 눈을 질끈 감았다.,"Flustered, I squeezed my eyes shut.",慌ててぎゅっと目を閉じた。
story_425,내 심장이 세차게 뛰기 시작했다.,My heart began pounding wildly.,胸が激しく高鳴り始めた。
story_426,“너무 걱정하지 말거라...”,“Don't worry so much...”,「そんなに心配しなくていい。」
story_427,"그가 나를 조심스럽게, 그리고 부드럽게 끌어안으며","He drew me into a careful, gentle embrace.",彼は私をそっと抱き寄せた。
story_428,내 등을 천천히 토닥였다.,Slowly patting my back.,そしてゆっくりと背中を撫でた。
story_429,(키스하려는 줄 알았어...!),(I thought he was going to kiss me...!),（キスされるのかと思った……！）
story_430,“......”,“......”,「……」
story_431,“...아이야.”,“...Little one.”,「……君。」
story_432,"“…지금, 무슨 생각을 하는 거니.”",“...What are you thinking about right now?”,「……今、何を考えているんだい？」
story_433,그의 이마가 내 이마에 가볍게 맞닿았다.,His forehead lightly brushed against mine.,彼の額がそっと私の額に触れた。
story_434,"...아마도, 그는 나를 위로해주려 했던 것 같았다.",...I think he had only been trying to comfort me.,……きっと彼は、私を慰めようとしていただけだったのだろう。
story_435,"“...뭐, 뭐가요!”",“W-What are you talking about?!”,「な、何のことですか！？」
story_436,혼자 한 착각에 얼굴이 뜨겁게 달아올랐다.,My face burned from my own misunderstanding.,勝手な勘違いをしていた自分が恥ずかしくて顔が熱くなった。
story_437,“...너무 선명하게 전해져서...”,“...Because I could feel it far too clearly...”,「……あまりにもはっきり伝わってきたから……」
story_438,“...읏...”,“...Ah...”,「……っ……」
story_439,“...곤란하구나.”,“...You're making this very difficult for me.”,「……困ったね。」
story_440,"그 역시 내 감정을 느끼고 있는 듯,","He seemed to be feeling my emotions as well,",彼も私の感情を感じ取っているのか、
story_441,얼굴이 붉어진 채 시선을 피했다.,avoiding my gaze with reddened cheeks.,顔を赤くしたまま視線を逸らした。
story_442,주변이 조용해지며,Silence settled around us.,周囲が静まり返り、
story_443,정적이 흘렀다.,Neither of us spoke.,気まずい沈黙が流れた。
story_444,텅 빈 신당 안에는,"Within the empty shrine,",誰もいない神殿の中には、
story_445,누구의 것인지 모를 심장 소리만이 가득 찼다.,only the sound of racing heartbeats remained.,誰のものとも分からない鼓動だけが響いていた。
story_446,(이상해...),(This is strange...),（おかしい……）
story_447,"(이렇게 가까이 있는 게,)","(Being this close to him,)",（こんなに近くにいるのに、）
story_448,(이렇게... 아무렇지도 않은 게.),(and feeling so at ease about it.),（こんなにも平然としているなんて。）
story_449,"(아니야, 아무렇지 않은 게 아니라 도망치지 못하고 있는 거야...)",(No... it's not that I'm fine. I just can't bring myself to pull away...),（違う……平気なんじゃない。ただ、離れられないだけ……）
story_450,"(떨어져야 하는데, 그러고 싶지 않아...)",(I should move away... but I don't want to.),（離れなきゃいけないのに……離れたくない……）
story_451,그의 숨이 닿을 만큼 가까운 거리.,We were close enough to feel each other's breath.,吐息が触れそうなほど近い距離。
story_452,"그리고 그의 감정이, 그대로 흘러 들어온다.",And his emotions continued to flow into me.,そして彼の感情が、そのまま流れ込んでくる。
story_453,"조심스러움,",Caution.,戸惑い。
story_454,망설임.,Hesitation.,ためらい。
story_455,그리고...,And...,そして……
story_456,참고 있는 무언가.,Something he was desperately holding back.,必死に抑え込んでいる何か。
story_457,(...이거...),(...This...),（……これ……）
story_458,(내 감정 아니야...),(These aren't my feelings...),（私の感情じゃない……）
story_459,(아닌데...그와 닿고 싶어...),(They aren't... and yet I want to be closer to him...),（違うのに……もっと触れたい……）
story_460,“...아이야.”,“...Little one.”,「……君。」
story_461,"그의 목소리가,",His voice,彼の声は、
story_462,평소보다 낮게 가라앉아 있었다.,was lower and quieter than usual.,いつもより少し低く沈んでいた。
select_7_1,...떨어지지 마요...,...Don't move away...,「……離れないで……」
select_7_2,느껴져요...?,...Can you feel it too?,「……感じていますか……？」
select_7_3,아무 말도 하지 않는다.,I say nothing.,何も言わない。
story_463,“...!”,“...!”,「……！」
story_464,그의 숨이 순간 멈췄다.,His breath caught for a moment.,彼の息が一瞬止まった。
story_465,"내 어깨를 잡고 있던 그의 손에,","In the hand resting on my shoulder,",私の肩に置かれた彼の手に、
story_466,미묘하게 힘이 들어가는 게 느껴졌다.,I felt his grip tighten ever so slightly.,わずかに力が入るのを感じた。
story_467,“{0}... 그건...”,“{0}... that's...”,「{0}……それは……」
story_468,"그는 말을 잇지 못한 채,",The words died on his lips.,彼は言葉を続けられず、
story_469,시선을 피하려다 멈췄다.,"He tried to look away, only to stop himself.",視線を逸らそうとして、途中で止まった。
story_470,"참고 있는 감정이,",The emotions he had been holding back,抑え込んでいた感情が、
story_471,점점 짙어지고 있었다.,were steadily growing stronger.,少しずつ濃くなっていく。
story_472,“...옆에... 있어주세요...”,“...Stay with me...”,「……そばにいてください……」
story_473,그 한마디에,"At those words,",その一言に、
story_474,그가 더는 물러나지 않았다.,he stopped holding himself back.,彼はもう後ろへ引かなかった。
story_475,천천히 고개가 기울어졌다.,"Slowly, he tilted his head.",ゆっくりと顔が傾く。
story_476,"닿기 직전,","Just before our lips met,",触れる直前、
story_477,아주 잠깐 멈췄다.,he paused for the briefest moment.,ほんの一瞬だけ止まった。
story_478,"숨이 얽히고,",Our breaths mingled.,吐息が絡み合い、
story_479,심장이 미친 듯이 뛰었다.,My heart pounded wildly.,心臓が壊れそうなほど高鳴った。
story_480,그리고...,And then...,そして――
story_481,입술이 닿았다.,Our lips met.,唇が重なった。
story_482,"조심스럽지만,","It was gentle,",優しく、
story_483,더 이상 참지 않은 느낌.,yet no longer restrained.,もう抑えきれなくなったように。
story_484,“...하...”,“...Ah...”,「……はぁ……」
story_485,그가 아주 작게 숨을 내쉰다.,A soft breath escaped him.,彼の唇から小さな吐息が零れた。
story_486,“......”,“......”,「……」
story_487,"“...내가 먼저, 참지 못했구나.”",“...It seems I'm the one who gave in first.”,「……先に耐えられなくなったのは、私の方だったようだね。」
story_488,"그의 얼굴이, 어쩔 줄 모른다는 듯이 붉어졌다.","His face reddened, as if he no longer knew where to look.",彼の顔は、どうしていいか分からないというように赤く染まっていた。
story_489,“...내가 어떤 상태인지...”,“...Do you understand what kind of state I'm in right now...?”,「……私が今どんな状態なのか……」
story_490,“...그래.”,“...I do.”,「……ああ。」
story_491,“전부.”,“All of it.”,「全部だ。」
story_492,"그의 손이,",His hand,彼の手は、
story_493,나를 붙잡은 채 멈춰 있었다.,remained wrapped around mine.,私を引き留めたまま止まっていた。
story_494,“윽...이대로라면...”,“...If this continues...”,「っ……このままでは……」
story_495,그가 더 말하지 못하고 멈췄다.,He couldn't finish the sentence.,彼はそれ以上言葉を続けられなかった。
story_496,하지만...,But...,けれど……
story_497,이미 전해지고 있었다.,I already knew.,もう伝わってきていた。
story_498,참고 있는 그의 감정이.,The feelings he was trying so hard to suppress.,必死に抑え込んでいる彼の感情が。
story_499,“...그럼...”,“...Then...”,「……なら……」
story_500,"말이 끝나기도 전에,","Before I could finish speaking,",言い終わる前に、
story_501,내 시선이 그의 입술에 닿았다.,my gaze fell to his lips.,私の視線は彼の唇へと落ちた。
story_502,그 순간—,In that instant—,その瞬間――
story_503,그의 숨이 아주 짧게 흔들렸다.,his breath faltered.,彼の息がわずかに乱れた。
story_504,“...{0}...”,“...{0}...”,「……{0}……」
story_505,"내 이름을 부르는 목소리가,",The way he spoke my name,名前を呼ぶその声は、
story_506,낮고 부드럽게 내려앉았다.,was low and gentle.,低く、優しく響いた。
story_507,(도망쳐야 하는데...),(I should pull away...),（離れなきゃいけないのに……）
story_508,(이상하게도...싫지 않아...),(And yet... I don't hate this...),（なのに……嫌じゃない……）
story_509,눈을 감았다.,I closed my eyes.,そっと目を閉じた。
story_510,아주 짧은 거리.,Only the smallest distance remained between us.,あとほんのわずかな距離。
story_511,그리고—,And then—,そして――
story_512,그의 입술과 내 입술이 닿았다.,His lips met mine.,彼の唇と私の唇が触れ合った。
story_513,조심스러운 접촉.,It was gentle and tentative.,恐る恐る触れ合うような口づけ。
story_514,하지만—,But—,けれど――
story_515,"그 순간,","In that moment,",その瞬間、
story_516,감정이 한꺼번에 밀려들었다.,a flood of emotions crashed over me.,感情が一気に押し寄せてきた。
story_517,"심장이 터질 듯이 뛰고,",My heart felt ready to burst.,胸が張り裂けそうなほど高鳴る。
story_518,숨이 멎을 것 같았다.,I could hardly breathe.,息が止まりそうだった。
story_519,“...흐...”,“...Ah...”,「……ん……」
story_520,"내 감정인지,","Whether these feelings were mine,",これが私の感情なのか、
story_521,그의 감정인지 구분할 수 없었다.,"or his, I couldn't tell anymore.",彼の感情なのか分からない。
story_522,“...읏...”,“...Mmh...”,「……っ……」
story_523,"그가 먼저, 아주 천천히 떨어졌다.","He was the first to pull away, ever so slowly.",彼が先に、ゆっくりと離れた。
story_524,"하지만 완전히 놓지 못한 채,",Yet he couldn't quite let go.,けれど完全には離れられず、
story_525,다시 이마를 맞댔다.,His forehead came to rest against mine once more.,再び額をそっと重ねた。
story_526,“...이건...”,“...This...”,「……これは……」
story_527,“......”,“......”,「……」
story_528,"“...조금, 위험하겠구나.”",“...This may be a little dangerous.”,「……少し、危険かもしれないね。」
story_529,말이 나오지 않았다.,No words would come.,言葉が出てこなかった。
story_530,"도망치지도, 피하지도 못한 채—","Unable to run, unable to turn away—",逃げることも、避けることもできないまま――
story_531,그를 바라보고 있었다.,I could only look at him.,ただ彼を見つめていた。
story_532,“아무 말도 하지 않는다는 건...”,“If you're saying nothing...”,「何も言わないということは……」
story_533,“...거절은 아니라 생각해도 되겠니.”,“...May I take that as a no refusal?”,「……拒まれてはいないと、思ってもいいかな。」
story_534,"대답 대신, 조용히 내 숨이 흔들렸다.","Instead of answering, my breath caught softly in my throat.",答えの代わりに、私の吐息が小さく揺れた。
story_535,그걸로 충분했던 걸까.,Perhaps that was answer enough.,それだけで十分だったのだろうか。
story_536,그가 천천히 다가왔다.,He slowly closed the distance between us.,彼はゆっくりと距離を縮めた。
story_537,"조심스럽게,",Carefully.,そっと。
story_538,확인하듯이.,As if seeking confirmation.,確かめるように。
story_539,“싫다면...피해도 괜찮단다...”,“If you don't want this... you can still pull away.”,「嫌なら……まだ避けてもいいんだよ。」
story_540,“흣...”,“...Mmh...”,「……んっ……」
story_541,나는 피하지 않았다.,I didn't pull away.,私は避けなかった。
story_542,"정확히는, 피하고 싶지 않았다.","More accurately, I didn't want to.",正確には、避けたくなかった。
story_543,그리고—,And then—,そして――
story_544,그의 입술이 닿았다.,His lips met mine.,彼の唇が私の唇に触れた。
story_545,"스치듯이 시작된 감각이,",What began as the faintest brush,かすかに触れるように始まった感触が、
story_546,잠시 머물렀다.,lingered for a moment.,わずかな時間そこに留まった。
story_547,내 심장이 터질 것같이 세차게 뛰었다.,My heart pounded so hard it felt ready to burst.,胸が張り裂けそうなほど激しく高鳴った。
story_548,“하아...”,“...Haah...”,「……はぁ……」
story_549,“{0}...”,“...{0}...”,「……{0}……」
story_550,그가 내 어깨에 얼굴을 파묻었다.,He buried his face against my shoulder.,彼は私の肩に顔を埋めた。
story_551,숨이 아직도 가쁘게 흔들리고 있었다.,My breathing was still unsteady.,まだ呼吸は落ち着いていなかった。
story_553,“...이 상태로는...”,“...At this rate...”,「……このままでは……」
story_554,“감정이 더 깊어질 것 같구나.”,“...our feelings may only grow deeper.”,「……感情が、もっと深くなってしまいそうだ。」
story_555,“......”,“......”,「……」
story_556,“그럼...”,“Then...”,「……それなら……」
story_557,“그래도.”,“Even so.”,「それでも。」
story_558,그가 작게 웃었다.,A faint smile touched his lips.,彼は小さく微笑んだ。
story_559,"아주, 미묘하게.",Just barely.,本当にわずかに。
story_560,“...멈출 생각은 없구나.”,“...I don't think I want to stop.”,「……やめるつもりはないみたいだ。」
story_561,그의 말에 내 얼굴이 붉게 달아올랐다.,His words sent heat rushing to my face.,その言葉に顔が熱くなった。
story_562,"아직도 숨이 제대로 돌아오지 않고,","My breathing still hadn't settled,",まだ呼吸は整わず、
story_563,심장이 미친 듯이 뛰었다.,and my heart was racing wildly.,心臓は狂ったように高鳴っていた。
story_564,“...이거...”,“...This...”,「……これ……」
story_565,“누구의 감정인지 모르겠어요...”,“I don't know whose feelings these are anymore...”,「もう、誰の感情なのか分かりません……」
story_566,“......”,“......”,「……」
story_567,그는 대답하지 않았다.,He didn't answer.,彼は答えなかった。
story_568,내가 당황하며 혼란스러워하자,"As I struggled with my confusion,",私が戸惑いながら混乱していると、
story_569,"조용히, 나를 끌어당겼다.",he quietly drew me closer.,彼は静かに私を引き寄せた。
story_570,"“...괜찮단다, 아이야.”","“...It's alright, little one.”",「……大丈夫だよ、君。」
story_571,"“조금, 놀랐지.”","“You were a little surprised, weren't you?”",「少し、驚いてしまったんだろう。」
story_572,그의 손이 다시 내 등을 천천히 쓸어 내렸다.,His hand slowly stroked my back once more.,彼の手が再びゆっくりと私の背を撫でた。
story_573,“이건... 네가 이상한 게 아니야.”,“This isn't because there's something wrong with you.”,「これは……君がおかしいわけじゃない。」
story_574,"“...내 쪽에서도, 같은 걸 느끼고 있으니까.”",“...Because I'm feeling the same thing.”,「……私も、同じものを感じているから。」
story_575,그가 작게 웃었다.,He smiled softly.,彼は小さく微笑んだ。
story_576,“그러니까... 혼자서 버티려고 하지 말거라.”,“So... don't try to carry it all by yourself.”,「だから……一人で抱え込もうとしなくていい。」
story_577,"그의 말에,","At his words,",その言葉に、
story_578,"조금, 아주 조금 숨이 가라앉았다.","my breathing eased, just a little.",少しだけ、本当に少しだけ呼吸が落ち着いた。
story_579,하지만—,But—,けれど――
story_580,애틋한 이 감정은,This aching tenderness,この切ない感情は、
story_581,단순히 지금 생긴 게 아닌 것 같았다.,didn't feel like something that had only just begun.,今生まれたものとは思えなかった。
story_582,어딘가 익숙하다.,"Somehow, it felt familiar.",どこか懐かしかった。
story_583,“이상해요...”,“This is strange...”,「……おかしいです……」
story_584,“신님을 처음 만난 게 아닌 것 같아요...”,“It doesn't feel like this is the first time I've met you...”,「神様と初めて会った気がしないんです……」
story_585,“{0}.”,“{0}.”,「{0}。」
story_586,“이건 단순한 연결이 아닌 것 같구나.”,“I don't think this is merely a connection between us.”,「これは単なる繋がりではない気がするね。」
story_587,그가 말을 잠시 멈췄다.,He paused for a moment.,彼は少し言葉を止めた。
story_588,“잊고 있던 무언가가...”,“Something we had forgotten...”,「忘れていた何かが……」
story_589,“...다시 닿은 느낌이야.”,“...feels as though it has reached us once again.”,「……もう一度、触れ合ったような気がするんだ。」
story_590,“잊고 있던 거요?”,“Something we forgot?”,「忘れていたもの……ですか？」
story_591,“아마도...”,“Perhaps...”,「おそらく……」
story_592,“우리의 기억이지 않을까 추측해 보고 있단다.”,“I suspect it may be our memories.”,「私たちの記憶なのではないかと思っているんだ。」
story_593,“기억은 명계 관할이라 하였으니.”,“The Heavenly Emperor did say that memories fall under the Underworld's domain.”,「記憶は冥界の管轄だと言っていただろう。」
story_594,“정말로 가봐야겠구나.”,“Then we truly have no choice but to go.”,「やはり、本当に行ってみなければならないね。」
story_595,“명계라니... 당장 갈 수 있는 건가요?”,“The Underworld...? Can we really go there right away?”,「冥界って……そんな場所に、今すぐ行けるんですか？」
story_596,"“명계는, 천계와는 다르게 길이 정해져 있진 않단다.”","“Unlike the Heavenly Realm, there is no fixed path to the Underworld.”",「冥界は天界と違って、決まった道があるわけではないんだ。」
story_597,"“하지만, 살아 있는 존재가 스스로 드나들 수 있는 곳도 아니지.”",“Nor is it a place the living may enter and leave of their own will.”,「それに、生きた者が自由に出入りできる場所でもない。」
story_598,"그가 잠시 고민하는 듯하더니,",He seemed lost in thought for a moment before...,彼は少し考え込むようにしてから、
story_599,내 손을 조용히 감쌌다.,quietly taking my hand in his.,そっと私の手を包み込んだ。
story_600,"“그래도 우리는 지금 연결되어 있으니,”","“Even so, we're connected now.”",「それでも、今の私たちは繋がっている。」
story_601,“같이 갈 수 있을 거란다.”,“I believe we should be able to go together.”,「だから、一緒に行けるはずだよ。」
story_602,"그의 말을 끝으로,","As his words faded,",彼の言葉を最後に、
story_603,공기가 서서히 가라앉았다.,the air around us slowly settled into silence.,周囲の空気はゆっくりと静まっていった。
story_604,"주변의 빛이 희미하게 흔들리며,",,
story_605,발끝 아래로 어둠이 스며들기 시작했다.,,
story_606,"나도 모르게 눈을 감고,",,
story_607,그의 손을 조금 더 꽉 쥐었다.,,
story_608,"발끝이 어딘가에 닿는 순간,",,
story_609,공기가 바뀌었다.,,
story_610,"차갑고, 무거운 기운.",,
story_611,"숨을 들이쉬는 것조차,",,
story_612,어딘가 가라앉는 느낌이 들었다.,,
story_613,“...여기...가...”,,
story_614,"눈앞에 펼쳐진 건,",,
story_615,"빛도, 어둠도 아닌 공간.",,
story_616,"끝이 보이지 않는 검은 물결 같은 것이,",,
story_617,천천히 일렁이고 있었다.,,
story_618,"내가 밟고 있는 것이 땅인지,",,
story_619,그림자인지조차 구분이 가지 않았다.,,
story_620,“...명계란다.”,,
story_621,"그의 목소리가,",,
story_622,평소보다 조금 낮게 가라앉아 있었다.,,
story_623,“살아 있는 존재가 오래 머물 곳은 아니지.”,,
story_624,"그의 손이,",,
story_625,조금 더 강하게 내 손을 붙잡았다.,,
story_626,"그 힘에 이곳이 얼마나 위험한 곳인지,",,
story_627,말하지 않아도 전해졌다.,,
story_628,두리번거리며 길을 찾으려던 그때—,,
story_629,"어둠이, 천천히 갈라졌다.",,
story_630,"마치 우리를 중심으로,",,
story_631,공간 자체가 길을 내어주는 것처럼.,,
story_632,"그리고 그 안에서,",,
story_633,무언가가 모습을 드러냈다.,,
story_634,"보이지 않는 압력이,",,
story_635,내 숨을 조여 왔다.,,
story_636,시선이 마주친 순간 몸이 굳었다.,,
story_637,어쩐지 무기력해 보이는 표정과,,
story_638,피곤한듯한 얼굴을 한 신이,,
story_639,우리를 빤히 바라보고 있었다.,,
story_640,“...기억을 원하느냐.”,,
story_641,"그의 시선이, 천천히 우리를 훑었다.",,
story_642,“어리석구나.”,,
story_643,"“이미 한 번, 그 대가를 치렀을 텐데.”",,
story_644,“대가...요?”,,
story_645,“...그 사내가 대신 짊어졌지.”,,
story_646,“네가 존재할 수 있도록.”,,
story_647,순간—,,
story_648,심장이 세게 내려앉았다.,,
story_649,“명왕님...그게... 무슨...”,,
story_650,“기억은... 그냥 되돌릴 수 있는 것이 아니다.”,,
story_651,“봉인된 이유가 있으니.”,,
story_652,명왕이라는 신은 작게 웃었다.,,
story_653,“그걸 꺼낸다면—”,,
story_654,“충분한 대가를 다시 치러야겠지.”,,
story_655,정적이 내려앉았다.,,
story_656,"그의 말이 이상하게, 무겁게 가슴에 박혔다.",,
story_657,“...감당해야 한다는 건...”,,
story_658,“그대로의 의미다.”,,
story_659,“진실은 모른 채로 있는 것이 더 나은 법도 있으니.”,,
story_660,“...아이야.”,,
story_661,그가 나를 바라보았다.,,
story_662,평소처럼—,,
story_663,부드러운 눈이었다.,,
story_664,"하지만 그 안에,",,
story_665,아주 작은 흔들림이 있었다.,,
story_666,“네가 선택하거라.”,,
story_667,"“...나는, 따르마.”",,
select_8_1,기억을 되찾고 싶어요,,
select_8_2,"...조금만, 확인할 수는 없나요",,
story_668,“알고 싶어요.”,,
story_669,“왜 이런 일이 일어난 건지...”,,
story_670,“...전부.”,,
story_671,“어리석구나.”,,
story_672,명왕이 그를 바라보며 말했다.,,
story_673,"“대가는 너의 힘과 두 사람의 기억이었으니, 함께 보여주마.”",,
story_674,빛이—,,
story_675,그와 나를 동시에 집어삼켰다.,,
story_676,"시야가 무너지고,",,
story_677,감각이 뒤섞인다.,,
story_678,"내 기억인지,",,
story_679,그의 기억인지 구분이 되지 않는다.,,
story_680,“읏...!”,,
story_681,"낯설지 않은 숲, 작은 신당.",,
story_682,"기억에는 없지만 작은 아이는, 분명 어린 시절의 나였다.",,
story_683,작은 신당 앞에 나는 주저 앉아 기도 하고 있었다.,,
story_684,"“...신 님, 신 님,”",,
story_685,“더 이상 제가 아프지 않게 해주세요.”,,
story_686,기도를 마치려던 순간—,,
story_687,뒤쪽 수풀에서 바스락거리는 소리가 들려왔다.,,
story_688,“...?”,,
story_689,나는 조심스럽게 수풀을 헤쳤다.,,
story_690,그곳에는 다친 채 쓰러져 있는 작은 용이 있었다.,,
story_691,"고통에 몸부림치다 여기저기 부딪힌 듯,",,
story_692,몸 곳곳이 찢어진 상처로 가득했다.,,
story_693,“작은... 짐승...?”,,
story_694,“도마뱀...인가...?”,,
story_695,“너는 누구니...?”,,
story_696,나는 조심스럽게 그 작은 짐승을 들어 올렸다.,,
story_697,“...다쳤구나...”,,
story_698,"두 손으로 감싸듯 안아, 신당 앞에 내려놓았다.",,
story_699,"깨끗한 물을 떠와 상처를 닦아주고,",,
story_700,작은 열매를 주워 조심스레 앞에 놓아주었다.,,
story_701,“...이런 걸 먹을지는 모르겠지만...”,,
story_702,"작은 짐승의 머리를 조심스럽게 쓰다듬자,",,
story_703,"아주 잠깐, 그 몸이 떨린다.",,
story_704,"마치, 그 온기를 기억하려는 것처럼.",,
story_705,“아플 때... 혼자 있으면 더 아프잖아.”,,
story_706,"“그러니까, 내가 같이 있어줄게.”",,
story_707,“얼른 나으렴.”,,
story_708,그날 이후로 나는 매일같이 신당을 찾아왔다.,,
story_709,"기도를 하고,",,
story_710,작은 짐승을 돌보는 것이 어느새 당연한 일이 되어 있었다.,,
story_711,"어느날,",,
story_712,"오늘도 있을 거라고 믿고,",,
story_713,조금 들뜬 마음으로 신당을 찾았다.,,
story_714,하지만 그곳에는 아무것도 없었다.,,
story_715,"계절이 바뀌고도,",,
story_716,그 작은 짐승은 다시 나타나지 않았다.,,
story_717,"마음 한구석이 허전했지만,",,
story_718,나는 그 자리를 떠나지 못했다.,,
story_719,오늘도 변함없이 기도를 올리고 있었다.,,
story_720,"“신 님, 신 님, 제가 아프지 않게...”",,
story_721,"기도를 마치려 하는데,",,
story_722,갑자기 심장이 조여 들었다.,,
story_723,“...흑...!”,,
story_724,"숨이 막히는 듯,",,
story_725,가슴을 붙잡은 채 그대로 바닥에 쓰러졌다.,,
story_726,"간신히 숨만 헐떡이고 있을 때,",,
story_727,조용히 공기가 가라 앉았다.,,
story_728,"누군가가, 그 자리에 와 있었다.",,
story_729,"지금의 내가 알고 있는, 작은 신당의 신.",,
story_730,운 하연 이였다.,,
story_731,"하지만 어딘가, 이상하다.",,
story_732,...이건 분명 그와 나의 기억인데,,
story_733,"지금 내가 알고 있는 모습과는,",,
story_734,다르다.,,
story_735,"그 온화한 신과 닮아 있으면서도,",,
story_736,지금보다 더 빛에 가까운 존재처럼 느껴졌다.,,
story_737,“......!”,,
story_738,“너는...”,,
story_739,그가 말끝을 흐렸다.,,
story_740,“정녕... 이 아이를...”,,
story_741,그의 숨이 거칠게 흔들린다.,,
story_742,시선 끝에는,,
story_743,"바닥에 쓰러진 채, 고통에 몸부림치는 어린 시절의 나.",,
story_744,“...살려주세요...”,,
story_745,떨리는 목소리.,,
story_746,"숨조차 제대로 쉬지 못한 채,",,
story_747,그저 처량하게 그를 올려다보고 있었다.,,
story_748,“......”,,
story_749,그가 나를 내려다보며 망설이는 순간—,,
story_750,금빛의 새가 하늘을 가르며 내려왔다.,,
story_751,"""...그 아이는 이미 죽었어야 했다.""",,
story_752,"""운명을 거스르기 위해 성물을 수없이 사용했지.""",,
story_753,"""신의 힘이 인간의 몸에 스며든 결과...""",,
story_754,"""그 아이는 더 이상 인간도, 신도 아니다.""",,
story_755,"""반신 반인.""",,
story_756,"""본인의 죽음, 또는 누군가의 대가 위에서만 살아갈 수 있는 존재다.""",,
story_757,"""제거하거라.""",,
story_758,“......”,,
story_759,"그의 눈이, 아주 잠깐 크게 흔들렸다.",,
story_760,그 순간 낯선 기억들이 나에게로 흘러 들어왔다.,,
story_761,기존의 격을 넘어선 신력.,,
story_762,"그는 이미 신이었지만,",,
story_763,그날의 힘은 그가 감당할 수 있는 범위를 넘어선 것이었다.,,
story_764,"갑작스럽게 쏟아진 힘을 감당하지 못한 채,",,
story_765,그가 고통에 몸부림치며 신력을 제어하지 못하고,,
story_766,하늘에서 인간계로 떨어졌던 순간까지.,,
story_767,“...이 아이는...”,,
story_768,"그의 손이, 미세하게 떨렸다.",,
story_769,마치 익숙한 온기를 다시 떠올린 것처럼.,,
story_770,"그는 아무것도 하지 못한 채,",,
story_771,그저 나를 바라보고 있었다.,,
story_772,“......”,,
story_773,“신 님... 신 님이지요...?”,,
story_774,“...제가 벌을 받는 건가요...?”,,
story_775,“무엇이든... 제가 잘못했어요...제발...”,,
story_776,"아무것도 모르는 어린 시절의 내가,",,
story_777,눈앞의 신에게 매달리듯 말했다.,,
story_778,"내 말에 그의 손이, 움찔 떨렸다.",,
story_779,그의 감정이 그대로 나에게 밀려 들어왔다.,,
story_780,두려움.,,
story_781,연민.,,
story_782,"그리고,",,
story_783,견딜 수 없는 죄책감.,,
story_784,“천제님... 저는...”,,
story_785,“...도저히... 도저히 이 아이를 죽일 수 없습니다...”,,
story_786,“저에게 이 아이는... 은인 입니다...”,,
story_787,“어찌...제가...”,,
story_788,"그의 목소리는, 이미 무너져 있었다.",,
story_789,어린 나를 위해 그가 울고 있다.,,
story_790,"그 사실이, 가슴 깊이 파고들었다.",,
story_791,“......”,,
story_792,“...나는 너를 아낀다. 하연.”,,
story_793,“그렇기에 묻는 것이다.”,,
story_794,“정말 이 선택을 하겠느냐.”,,
story_795,"그 말에는 분명,",,
story_796,진심 어린 걱정이 담겨 있었다.,,
story_797,“이 아이가...”,,
story_798,“목숨으로 대가를 치러야 한다면...”,,
story_799,“제가 대신 받겠습니다.”,,
story_800,"고통에 몸부림치는 나의 앞에서,",,
story_801,무너지듯 무릎을 꿇고 눈물을 흘리며,,
story_802,그는 그렇게 말했다.,,
story_803,“......”,,
story_804,“...그래... 네 선택이 그렇다면...”,,
story_805,“받아들이겠다.”,,
story_806,“다만— ”,,
story_807,"“대가는, 결코 가볍지 않을 것이다.”",,
story_808,전령의 몸에서 빛이 쏟아졌다.,,
story_809,"그 빛이,",,
story_810,그와 어린 시절의 나를 동시에 감쌌다.,,
story_811,의식이 끊긴다.,,
story_812,"마지막으로 보인 것은,",,
story_813,힘을 잃고 쓰러지는 그의 모습.,,
story_814,"그리고,",,
story_815,내가 알던 모습으로 천천히 바뀌어 가는 그의 형상.,,
story_816,“...이것 또한... 인연인 것인가...”,,
story_817,빛이 완전히 사라졌다.,,
story_818,숨이 가쁘게 흔들렸다.,,
story_819,모든 기억이 돌아왔다.,,
story_820,“...하아... 하...”,,
story_821,손이 덜덜 떨린다.,,
story_822,“이게... 전부...”,,
story_823,“...아이야...”,,
story_824,그 역시 같은 기억을 보고 있었다.,,
story_825,"눈이, 아주 조용히 흔들리고 있었다.",,
story_826,“...왜...”,,
story_827,“왜 그런 선택을...”,,
story_828,“......”,,
story_829,"“...그때도, 지금도.”",,
story_830,“...같은 선택을 했을 거란다.”,,
story_831,"서로를 향한 감정이,",,
story_832,이번엔 확실하게 구분되었다.,,
story_833,하지만 동시에 더 선명하게 겹쳐진다.,,
story_834,"“전에 네가 치렀던 대가는 깨졌으니,”",,
story_835,“새로운 대가를 치러야 겠구나.”,,
story_836,"“기억을 되찾은 이상, 대가는 피할 수 없다.”",,
select_9_1,함께 짊어지기로 한다,,
select_9_2,내가 대가를 치르기로 한다,,
story_837,“당신이...”,,
story_838,“다 대신...”,,
story_839,“아이야...”,,
story_840,“...괜찮단다.”,,
story_841,"잠시, 조용히 나를 바라보던 그가 덧붙였다.",,
story_842,“...너는... 다친 나를 치료해주지 않았니.”,,
story_843,“그렇다 하더라도...안 괜찮아요.”,,
story_844,“이건......”,,
story_845,“당신 혼자 감당할 일이 아니잖아요.”,,
story_846,“같이...같이 감당해요.”,,
story_847,"내 말을 들은 그는,",,
story_848,아주 잠깐 시선을 내리 깔았다.,,
story_849,무언가를 깨달은 듯—,,
story_850,"이내, 작게 미소 지으며 눈을 감았다.",,
story_851,“...그래.”,,
story_852,“덕분에 좋은 생각이 났구나.”,,
story_853,그 순간 그가 천천히 나를 끌어당겼다.,,
story_854,“흥미롭구나.”,,
story_855,“같이 짊어지겠다는 선택이라...”,,
story_856,"“그렇다면,”",,
story_857,“이건 더 이상 ‘명계’의 문제만이 아니겠지.”,,
story_858,“너희가 기억을 되찾음으로써 균형은 무너졌으니.”,,
story_859,“그럼...”,,
story_860,"“가서, 직접 묻거라.”",,
story_861,“명계는 기억과 죽음만을 관할하는 곳.”,,
story_862,"“이건, 내가 결정할 일이 아니다.”",,
story_863,명왕이 손을 들어 올린다.,,
story_864,어둠이 갈라지며 빛으로 이어지는 길이 열렸다.,,
story_865,“천계로 이어지는 문이다.”,,
story_866,"“선택의 끝을 보려거든, 그곳에서 답을 받아라.”",,
story_867,"천계에 도착하자,",,
story_868,밝은 빛으로 감싸인 화려한 궁궐들이 시야를 가득 메웠다.,,
story_869,"기억을 되찾은 순간,",,
story_870,그의 모습은 온전한 신의 형태로 돌아오고 있었다.,,
story_871,나는 그를 빤히 바라보았다.,,
story_872,“왜그러니?”,,
story_873,“이게... 원래 모습이에요?”,,
story_874,그는 자신의 머리끝을 만지작거리며 미소 지었다.,,
story_875,"“그렇단다, 마음에 안드니?”",,
story_876,"부드럽게 휘어지는 그의 눈을 마주하자,",,
story_877,내 얼굴이 붉어졌다.,,
story_878,“...아니요...마음에 들어요.”,,
story_879,"우리는 처음 천제와 마주했던,",,
story_880,그 거대한 궁궐 안으로 걸음을 옮겼다.,,
story_881,"문을 지나 안으로 들어서자,",,
story_882,위엄 있는 존재가 우리를 기다리고 있었다.,,
story_883,“...기억을 되찾았구나.”,,
story_884,“예.”,,
story_885,"“천제님, 요청이 있습니다.”",,
story_886,“...말해 보아라.”,,
story_887,그가 잠시 뜸을 들이다 입을 열었다.,,
story_888,“...이 아이를 신으로 올려주십시오.”,,
story_889,“...네...?”,,
story_890,"표정변화는 없었지만,",,
story_891,천제의 시선이 천천히 내려앉았다.,,
story_892,“...쉽게 할 수 있는 말이 아니구나.”,,
story_893,“반신반인을 신으로 만든다?”,,
story_894,“그 대가를 알고 있느냐.”,,
story_895,“알고 있습니다.”,,
story_896,“제 신력을 나누겠습니다.”,,
story_897,공기가 잠시 무거워졌다.,,
story_898,"“신격은, 나눌 수 있는 것이 아니다.”",,
story_899,“하지만...잃어본 적은 있습니다.”,,
story_900,"“...그리고, 되찾았습니다.”",,
story_901,천제의 눈이 아주 미세하게 가늘어졌다.,,
story_902,“그 과정에서 깨달았습니다.”,,
story_903,"“신의 힘은, 완전히 고정된 것이 아니라 이어질 수도 있다는 것을.”",,
story_904,“그게... 무슨...”,,
story_905,"“내 일부를 떼어내어, 이 아이에게 주겠습니다.”",,
story_906,“불완전한 반신반인이 아닌…완전한 ‘신’으로.”,,
story_907,“그렇게 하면.”,,
story_908,"“너는 더 이상, 이전과 같은 존재가 아닐 것이다.”",,
story_909,“상관없습니다.”,,
story_910,“이 아이가 사라지는 것보다는.”,,
story_911,"그의 말은 짧았지만, 망설임이 없었다.",,
story_912,“...왜...”,,
story_913,“그렇게까지...”,,
story_914,“...아이야.”,,
story_915,"“나는 이미, 한 번 같은 선택을 했단다.”",,
story_916,“이번에는 함께 남고 싶을 뿐이다.”,,
story_917,“기억이 온전한 채로 말이다.”,,
story_918,그의 말에 나는 아무 말도 할 수 없었다.,,
story_919,천제가 천천히 눈을 감는다.,,
story_920,“좋다.”,,
story_921,"“단, 조건이 있다.”",,
story_922,“...무엇이든.”,,
story_923,“신격을 나누는 순간.”,,
story_924,"“너희는 더 이상, 각자 완전한 신으로 존재할 수 없다.”",,
story_925,“본래 완전한 신이란 독립된 신격을 가진 존재.”,,
story_926,“그러나 너희는 하나의 신격을 나누어 가지게 된다.”,,
story_927,“연신(聯神).”,,
story_928,“...둘이서 하나의 신으로 존재하는 상태다.”,,
story_929,“균형이 유지되는 한 존재할 수 있겠지만...”,,
story_930,"“둘 중 하나가 소멸된다면, 함께 사라지게 될 것이다.”",,
story_931,“괜찮습니다.”,,
story_932,그가 망설임 없이 대답했다.,,
story_933,"“이미, 그럴 각오는 되어 있습니다.”",,
story_934,나도 그를 바라보며 고개를 끄덕였다.,,
story_935,“더 이상...혼자 남는 건 싫어요.”,,
story_936,"“그 선택, 받아들이겠다.”",,
story_937,그 순간,,
story_938,"빛이, 그의 몸에서 천천히 흘러나오기 시작했다.",,
story_939,“...{0}.”,,
story_940,그가 손을 내민다.,,
story_941,“…네…”,,
story_942,손이 맞닿는 순간—,,
story_943,"따뜻한 에너지가, 천천히 내 안으로 흘러 들어왔다.",,
story_944,"심장이 다시, 새롭게 뛰기 시작한다.",,
story_945,"빛이 우리를 감싸며, 감각이 뒤집히고",,
story_946,무언가가 천천히 바뀌어 갔다.,,
story_947,“...이건...”,,
story_948,"고개를 들어 바라보니,",,
story_949,그의 모습이 내가 알던 모습으로 돌아와 있었다.,,
story_950,“...이제 괜찮단다.”,,
story_951,"목소리가 이전보다 한결 가볍고,",,
story_952,부드럽게 느껴진다.,,
story_953,"빛이 걷히고,",,
story_954,내 눈동자와 머리칼이 천천히 그와 같은 색으로 물들었다.,,
story_955,“이 느낌...”,,
story_956,“숨이... 전혀 힘들지 않아...”,,
story_957,“성립되었다.”,,
story_958,"“이제, 너희는 하나의 균형이다.”",,
story_959,“하나의...”,,
story_960,“균형...”,,
story_961,서로를 바라본다.,,
story_962,"연결은 끊어졌지만,",,
story_963,더 선명한 느낌이다.,,
story_964,“...무섭진 않으니.”,,
story_965,“...아니요.”,,
story_966,“이제는 같은 존재니까요.”,,
story_967,내가 그의 손을 잡았다.,,
story_968,놓치지 않겠다는 듯이.,,
story_969,천계의 높은 누각.,,
story_970,빛으로 이루어진 세계 속에서,,
story_971,그와 나는 나란히 서 있었다.,,
story_972,“이제...”,,
story_973,“안 훔쳐도 되네요.”,,
story_974,“그래.”,,
story_975,"“이제는, 네 힘이니까.”",,
story_976,“이상하네요.”,,
story_977,“연결은 끊어졌는데...”,,
story_978,“더 가까운 느낌이에요.”,,
story_979,“그건—”,,
story_980,잠시 말을 고른다.,,
story_981,“이제는.”,,
story_982,“억지로 이어진 게 아니라—”,,
story_983,그의 시선이 조용히 나에게로 내려온다.,,
story_984,"“...네가, 스스로 내 곁에 있기 때문이겠지.”",,
story_985,“...!”,,
story_986,그의 말에 숨이 살짝 멎는듯한 느낌이 들었다.,,
story_987,“그건...”,,
story_988,그를 올려다보았다.,,
story_989,“...하연도 마찬가지잖아요.”,,
story_990,"내 얼굴이 붉어지자,",,
story_991,그가 작게 웃었다.,,
story_992,“그래.”,,
story_993,"“이번엔, 서로 같은 선택을 한 거니까.”",,
story_994,잠깐의 정적이 흘렀다.,,
story_995,"하지만, 어색하지 않다.",,
story_996,“그럼—”,,
story_997,그에게 한 걸음 다가갔다.,,
story_998,“이제는 안 물어봐도 되겠네요.”,,
story_999,“무엇을 말이니.”,,
story_1000,나는 조용히 웃으며 말했다.,,
story_1001,“옆에 있어도 되냐고요.”,,
story_1002,"그가 잠시 말을 멈추고,",,
story_1003,천천히 내 쪽으로 손을 뻗었다.,,
story_1004,“...{0}.”,,
story_1005,그와 내 손이 맞닿는다.,,
story_1006,“이제는—”,,
story_1007,그의 손이 나를 조금 더 가까이 끌어당긴다.,,
story_1008,“묻지 않아도 된단다.”,,
story_1009,“...!”,,
story_1010,내 심장이 크게 뛴다.,,
story_1011,서로의 숨이 가까워졌다.,,
story_1012,"“...이미, 네가 선택했으니까.”",,
story_1013,더 이상 망설임 없이—,,
story_1014,그의 입술이 닿는다.,,
story_1015,부드럽게.,,
story_1016,천천히.,,
story_1017,"잠깐 떨어졌다가,",,
story_1018,다시 닿는다.,,
story_1019,이번엔 조금 더 깊게.,,
story_1020,손을 꼭 붙잡은 채.,,
story_1021,“...!”,,
story_1022,“이 선택...”,,
story_1023,“...후회하지 말거라.”,,
story_1024,내 숨이 조금 흐트러졌다.,,
story_1025,“...읏...안 해요.”,,
story_1026,“...그래야지.”,,
story_1027,그의 이마가 가볍게 닿는다.,,
story_1028,“...이번엔.”,,
story_1029,그가 짧게 숨을 고르고—,,
story_1030,“끝까지 함께할 테니까.”,,
story_1031,“...네.”,,
story_1032,그의 손을 꼭 잡는다.,,
story_1033,놓지 않겠다는 것처럼.,,
story_1034,빛으로 가득한 세계 속에서—,,
story_1035,"나와 그의 거리는,",,
story_1036,완전히 사라진다.,,
story_1037,"과거의 기억이, 그대로 남아 있었다.",,
story_1038,나를 죽이지 못했던 순간.,,
story_1039,그리고 그가 대신 모든 걸 잃어버리던 순간.,,
story_1040,“...아이야.”,,
story_1041,"여전히, 같은 목소리였다.",,
story_1042,그 다정함이—,,
story_1043,지금은 더 아프게 파고든다.,,
story_1044,심장이 찢어질 것처럼 조여왔다.,,
story_1045,“...으...흑...”,,
story_1046,“...나 때문에...”,,
story_1047,“모든 걸 잃고...”,,
story_1048,“기억까지 지우고...”,,
story_1049,“...아무것도 모른 채 다시 나를 만나고...”,,
story_1050,말보다 눈물이 먼저 떨어졌다.,,
story_1051,“...그건...”,,
story_1052,“...너무 잔인하잖아요...”,,
story_1053,“...제발...울지 말거라.”,,
story_1054,"그의 손이, 내 뺨에 천천히 닿았다.",,
story_1055,따뜻하다.,,
story_1056,그래서 더 견딜 수 없었다.,,
story_1057,“...이건... 틀렸어요...”,,
story_1058,“...이러면... 안되는 거잖아요...”,,
story_1059,“애초에... 나는...”,,
story_1060,“존재하면 안 되는 건데...”,,
story_1061,"죄책감에 숨이 조여오며,",,
story_1062,손의 떨림이 멈추지 않았다.,,
story_1063,“...아이야.”,,
story_1064,“이번에는...”,,
story_1065,“...제대로 돌려놓을게요.”,,
story_1066,"그의 눈이, 처음으로 흔들렸다.",,
story_1067,“...무슨... 소리를—”,,
story_1068,“이제... 알았으니까.”,,
story_1069,“당신이 왜 그때... 그런 선택을 했는지...”,,
story_1070,숨을 고른다.,,
story_1071,그리고—,,
story_1072,"조용히, 그러나 분명하게 말했다.",,
story_1073,“다친 당신을...내가 살렸었잖아요.”,,
story_1074,“혼자 두면 더 아플까 봐...”,,
story_1075,“...그래서 같이 있어주겠다고 했었는데...”,,
story_1076,"눈물이, 다시 한 번 흘러내렸다.",,
story_1077,“그걸... 당신이 기억하고 있었잖아요...”,,
story_1078,“그래서...나를 살린 거잖아요...”,,
story_1079,“...그건—”,,
story_1080,“...그러니까.”,,
story_1081,"그의 말을, 조용히 끊었다.",,
story_1082,“당신이 나를 살렸으니까...”,,
story_1083,“다시 한번—”,,
story_1084,“내가 당신을 지킬게요.”,,
story_1085,"그의 손을, 천천히 떼어냈다.",,
story_1086,“...안 된다.”,,
story_1087,"“그건, 내가 선택한 일이다.”",,
story_1088,“너는... 나를 살려준 아이야.”,,
story_1089,“그러니—”,,
story_1090,그의 앞에서 미소가—,,
story_1091,"처음으로, 제대로 지어졌다.",,
story_1092,“...하연...이제 충분해요.”,,
story_1093,“그때 당신이 나를 한 번 살려준 걸로.”,,
story_1094,"“그걸로, 전부 돌려받은 거니까요.”",,
story_1095,그 순간 그가 나를 강하게 끌어당겼다.,,
story_1096,“...!”,,
story_1097,입술이 닿는다.,,
story_1098,거칠게—,,
story_1099,붙잡듯이.,,
story_1100,놓치지 않겠다는 것처럼.,,
story_1101,"숨이 얽히고,",,
story_1102,그의 감정이 무너질 듯 쏟아진다.,,
story_1103,"그 짧은 순간조차 끝내고 싶지 않은 듯,",,
story_1104,그의 입술이 천천히 떨어졌다.,,
story_1105,“...가지 말거라...”,,
story_1106,“...부탁이다...”,,
story_1107,“제발...”,,
story_1108,나는 작게 웃었다.,,
story_1109,“이제야...”,,
story_1110,“조금 욕심 부리네요.”,,
story_1111,그의 손을—,,
story_1112,다시 한번 천천히 떼어냈다.,,
story_1113,"내 주변의 빛이, 천천히 흩어졌다.",,
story_1114,“...{0}...!”,,
story_1115,"그가 손을 뻗으며,",,
story_1116,붙잡으려 하지만 늦었다.,,
story_1117,빛이 나를 삼키고,,
story_1118,그의 목소리가 멀어졌다.,,
story_1119,마지막으로 보인 것은,,
story_1120,"무너진 표정으로,",,
story_1121,울고 있는 그의 얼굴.,,
story_1122,그리고,,
story_1123,"천천히, 본래의 신의 모습으로 돌아가는 그의 형상.",,
story_1124,(...내가 대가를 치뤘기 때문이겠지.),,
story_1125,"(부디,)",,
story_1126,(너무 많이 울지 않기를.),,
story_1127,조용한 신당.,,
story_1128,그는 여전히 그 자리에 남아 있다.,,
story_1129,하지만 이전과는 달랐다.,,
story_1130,“...{0}...”,,
story_1131,기억은— 전부 돌아와 있다.,,
story_1132,단 하나도 빠짐없이.,,
story_1133,"그날의 선택도,",,
story_1134,"그 아이의 눈도,",,
story_1135,...마지막 순간까지.,,
story_1136,그래서 더 지워지지 않는다.,,
story_1137,“...왜...”,,
story_1138,“...내가 아닌 네가...”,,
story_1139,마지막 흔적처럼 손 위에 남아 있던,,
story_1140,빛무리마저 서서히 흩어졌다.,,
story_1141,그는 그 빛을 붙잡으려는 듯 손을 말아 쥐었다.,,
story_1142,“...기다리마.”,,
story_1143,"“설령, 다시는 돌아오지 않는다 해도.”",,
story_1144,그날 이후—,,
story_1145,그는 신당을 떠나지 않았다.,,
story_1146,"신으로서가 아니라,",,
story_1147,남겨진 자리를 지키는 이로서.,,
story_1148,그저 그 자리에 남아 있었다.,,
story_1149,감정 공유는 완전히 끊어졌다.,,
story_1150,그래서 더 고통스러웠다.,,
story_1151,"이제는, {0}의 감정이",,
story_1152,전혀 전해지지 않으니까.,,
story_1153,“전부 말고...”,,
story_1154,“조금만 확인할 수는 없나요...”,,
story_1155,“욕심이 많구나.”,,
story_1156,“좋다.”,,
story_1157,“하지만...끝까지 보게 되지는 못할 것이다.”,,
story_1158,빛이—,,
story_1159,"조각처럼 갈라져,",,
story_1160,우리에게 스며들었다.,,
story_1161,“정녕... 이 아이를...”,,
story_1162,“...저는...”,,
story_1163,바닥에 쓰러져있는 어린시절의 나.,,
story_1164,숨이 가쁘다.,,
story_1165,“...살려주세요...”,,
story_1166,그의 시선이—,,
story_1167,흔들린다.,,
story_1168,"내가 아는 그와 닮아 있는데,",,
story_1169,어딘가 낯설게 느껴졌다.,,
story_1170,“...이건...”,,
story_1171,이건 기억이다.,,
story_1172,그런데—,,
story_1173,"감정이,",,
story_1174,비어 있다.,,
story_1175,“...도저히...”,,
story_1176,“...죽일 수 없습니다...”,,
story_1177,그는 분명 괴로워하고 있는데—,,
story_1178,"그 이유가,",,
story_1179,전해지지 않는다.,,
story_1180,“...이상해...”,,
story_1181,“...왜...”,,
story_1182,그의 선택이 보인다.,,
story_1183,“...제가 대신 받겠습니다.”,,
story_1184,하지만—,,
story_1185,그 순간.,,
story_1186,"뚝,",,
story_1187,끊어졌다.,,
story_1188,“...!”,,
story_1189,그 다음이 없다.,,
story_1190,“...아이야.”,,
story_1191,"그의 목소리가,",,
story_1192,조금 낮게 가라앉아 있었다.,,
story_1193,“...왜...”,,
story_1194,“왜 그렇게까지 했는지...”,,
story_1195,“모르겠어요...”,,
story_1196,“...그래도.”,,
story_1197,"“그 선택은, 내가 한 거겠지.”",,
story_1198,"그의 손이,",,
story_1199,아주 미세하게 힘이 들어갔다.,,
story_1200,“이상하구나.”,,
story_1201,“기억은 흐릿한데—”,,
story_1202,“가슴이 아프구나.”,,
story_1203,"“그게, 조각의 대가다.”",,
story_1204,“알 수는 있어도 이해할 수는 없지.”,,
story_1205,"완전하지 않은 기억이,",,
story_1206,오히려 더 오래 남은듯하다.,,
story_1207,기억의 조각은—,,
story_1208,끝내 이어지지 않았다.,,
story_1209,"하지만, 충분했다.",,
story_1210,“이제...알아요.”,,
story_1211,“전부는 아니어도...”,,
story_1212,“당신이 어떤 선택을 했는지.”,,
story_1213,“아이야.”,,
story_1214,그의 목소리는 여전히 부드러웠다.,,
story_1215,하지만—,,
story_1216,"그 안에, 이전보다 더 깊은 무게가 담겨 있었다.",,
story_1217,“이건 그냥 넘어갈 수 없는 일이에요.”,,
story_1218,“여기서 끝내야 할 것 같아요.”,,
story_1219,그의 손을 잡는다.,,
story_1220,힘을 주듯 조금 더 단단히.,,
story_1221,“같이 가요.”,,
story_1222,그가 나를 잠시 바라보았다.,,
story_1223,“그래.”,,
story_1224,“그래야겠구나.”,,
story_1225,“결론은 정해진 모양이군.”,,
story_1226,어둠이 조용히 갈라진다.,,
story_1227,“가거라.”,,
story_1228,“이번 선택의 끝을 보러.”,,
story_1229,빛이 열린다.,,
story_1230,나와 그는 빛 속으로 걸어 들어갔다.,,
story_1231,빛은 눈부시지 않았다.,,
story_1232,"오히려, 너무 조용했다.",,
story_1233,숨소리조차 크게 느껴질 만큼—,,
story_1234,정적인 공간.,,
story_1235,그 중심에 존재가 있다.,,
story_1236,“...다시 왔구나.”,,
story_1237,“...요청이 있습니다.”,,
story_1238,“요청이 아니라 선택이겠지.”,,
story_1239,“대가를 동반한.”,,
story_1240,천제의 말에 잠시 정적이 흘렀다.,,
story_1241,“이 아이를 인간으로 돌려주십시오.”,,
story_1242,“그 대가로— 저 또한.”,,
story_1243,“...!”,,
story_1244,천제의 시선이 아주 미세하게 흔들린다.,,
story_1245,“...신격을 버리겠다는 뜻이냐.”,,
story_1246,“...예.”,,
story_1247,“같은 시간 속에서 살기 위해서 입니다.”,,
story_1248,“대가를 이해하고 있느냐.”,,
story_1249,"“영원, 권능, 존재의 격.”",,
story_1250,“모두 잃는 것 알고 있습니다.”,,
story_1251,“한 번 내려놓은 것은 되돌릴 수 없다.”,,
story_1252,“...문제 없습니다.”,,
story_1253,천제가 천천히 눈을 감는다.,,
story_1254,“조건이 있다.”,,
story_1255,“신으로서의 기억을 일부 봉인한다.”,,
story_1256,"“인간으로서의 삶에, 방해가 되지 않도록.”",,
story_1257,“...괜찮습니다.”,,
story_1258,"천제의 시선이 나에게 닿자,",,
story_1259,나는 고개를 끄덕였다.,,
story_1260,“...저도요.”,,
story_1261,“좋다.”,,
story_1262,“대가는 성립되었다.”,,
story_1263,빛이 조용히 내려왔다.,,
story_1264,나는 그의 손을 맞잡으며 바라보았다.,,
story_1265,"빛이 서서히 스며 들자,",,
story_1266,몸이 무거워지며 신력이 빠져나간다.,,
story_1267,잠시후,,
story_1268,숨이 또렷하게 돌아온다.,,
story_1269,심장이 분명하게 뛴다.,,
story_1270,“숨...”,,
story_1271,“편하네요...”,,
story_1272,“그래.”,,
story_1273,그가 웃는다.,,
story_1274,이제 신의 기운은 없다.,,
story_1275,더 이상 성물을 훔칠 필요도 없다.,,
story_1276,"“이제, 인간이란다.”",,
story_1277,“같네요.”,,
story_1278,나와 그는 서로를 바라보며 웃는다.,,
story_1279,감정 공유는 완전히 사라졌다.,,
story_1280,하지만 이상하게 더 또렷하게 느껴진다.,,
story_1281,“이제는...”,,
story_1282,“직접 말해야겠네요.”,,
story_1283,“그래야겠지.”,,
story_1284,작은 마을.,,
story_1285,햇살이 부드럽게 내려앉는 신당.,,
story_1286,이제 그곳엔 신이 없다.,,
story_1287,그저—,,
story_1288,서로를 애틋하도록 좋아하게 된 두 사람이 있을 뿐이다.,,
story_1289,“...오늘도 늦었어요.”,,
story_1290,“조금 길을 헤맸단다.”,,
story_1291,“...거짓말.”,,
story_1292,“들켰구나.”,,
story_1293,그의 말에 웃음이 먼저 새어 나온다.,,
story_1294,“...근데요.”,,
story_1295,“이상한 거 알아요?”,,
story_1296,“무엇이.”,,
story_1297,“왜인지 모르겠는데...”,,
story_1298,"“당신 기다리는 거, 좋아요.”",,
story_1299,그의 눈동자가 아주 살짝 흔들린다.,,
story_1300,“그래.”,,
story_1301,“나도 그렇단다.”,,
story_1302,“정말요?”,,
story_1303,“그래서—”,,
story_1304,그가 나에게 가까이 다가온다.,,
story_1305,"“...늦었는데도, 돌아오게 되는 거겠지.”",,
story_1306,“...!”,,
story_1307,심장이 괜스레 빨라진다.,,
story_1308,“그런 말...”,,
story_1309,“...반칙이에요...”,,
story_1310,"얼굴이 붉어진 채로 대답하자,",,
story_1311,그가 작게 웃는다.,,
story_1312,“가끔... 생각나요.”,,
story_1313,“우리가 뭔가 엄청난 선택 했던 것 같다는 거”,,
story_1314,“그래.”,,
story_1315,"“...아마, 그랬겠지.”",,
story_1316,“후회하세요?”,,
story_1317,그는 잠깐도 망설이지 않는다.,,
story_1318,“아니.”,,
story_1319,“전혀.”,,
story_1320,나는 조용히 웃으며 작게 속삭였다.,,
story_1321,“...다행이다.”,,
story_1322,"그에게 한 발짝 다가가며,",,
story_1323,손을 조심스럽게 잡았다.,,
story_1324,“저도요.”,,
story_1325,“이유는 잘 기억 안 나는데...”,,
story_1326,“그래도—”,,
story_1327,조금 더 가까이.,,
story_1328,“지금이 좋아요.”,,
story_1329,"그의 손에, 살짝 힘이 들어간다.",,
story_1330,놓치지 않겠다는 것처럼.,,
story_1331,“나도.”,,
story_1332,“지금이 좋단다.”,,
story_1333,그와 가까운 거리에서 눈이 마주친다.,,
story_1334,“이상하네요.”,,
story_1335,“다 기억나는 것도 아닌데...”,,
story_1336,“그래도 충분하지 않니.”,,
story_1337,“왜요?”,,
story_1338,"그가 나에게 조용히, 그리고 아주 가까이 다가왔다.",,
story_1339,“이렇게 가까이 있을 수 있으니까.”,,
story_1340,숨이 살짝 겹친다.,,
story_1341,심장이—,,
story_1342,괜히 더 크게 뛴다.,,
story_1343,"나는 망설이다가,",,
story_1344,먼저 고개를 조금 올렸다.,,
story_1345,그와 입술이 닿는다.,,
story_1346,짧게—,,
story_1347,한번 더 입술이 닿았다.,,
story_1348,"하지만 이번엔, 살짝 더 오래.",,
story_1349,"떨어지지 않고,",,
story_1350,잠깐 머물렀다.,,
story_1351,“이건...”,,
story_1352,“기억에 없는데요...”,,
story_1353,내 말에 그가 작게 웃었다.,,
story_1354,“그럼 다행이구나.”,,
story_1355,“네?”,,
story_1356,"“...처음인 것처럼, 계속 설렐 테니까.”",,
story_1357,“...!”,,
story_1358,그의 말에 얼굴이 확 붉어졌다.,,
story_1359,“그럼...”,,
story_1360,“...앞으로 계속 해도 되겠네요...”,,
story_1361,“...말리지 않으마.”,,
story_1362,이번엔—,,
story_1363,"조금 더 자연스럽게,",,
story_1364,다시 입술이 닿는다.,,
story_1365,"햇살 아래,",,
story_1366,그와 나의 그림자가 조용히 겹쳐진다.,,
story_1367,영원은 없다.,,
story_1368,완전한 기억도 없다.,,
story_1369,하지만—,,
story_1370,"지금, 서로를 좋아하는 마음은 분명하다.",,
story_1371,그래서,,
story_1372,충분하다.,,
story_1373,"내 심장은,",,
story_1374,그의 심장과 같은 박자로,,
story_1375,조용히 뛰고 있었다.,,
Name_1,???,,
Name_2,나,,
Name_3,운 하연,,
Name_4,천제,,
Name_5,명왕,,
Name_6,나 (어린시절),,
Name_7,천제의 전령,,
Name_8,운 하연 (과거),,
Save_Title,저장하기,Save Game,セーブ
Load_Title,불러오기,Load Game,ロード
BG_Title_1,달무리 숲 - 밤,,
BG_Title_2,달무리 숲,,
BG_Title_3,청연당,,
BG_Title_4,청연당 - 밤,,
BG_Title_5,달빛 길,,
BG_Title_6,천궁 입구,,
BG_Title_7,천궁 알현실,,
BG_Title_8,청연당 - 가을,,
BG_Title_9,청연당 - 봄,,
BG_Title_10,명계,,
Save_Warning_1,{0}번 슬릇에 현재 데이터를 저장하시겠습니까?,,
Save_Warning_2,이미 저장된 데이터가 있습니다. 현제 데이터로 덮어씌우시겠습니까?,,
Save_Warning_3,{0}번 슬릇의 데이터를 삭제하시겠습니까?,,
Save_Warning_4,저장된 데이터가 없습니다.,,
Save_Warning_5,{0}번 슬릇의 데이터를 불러오시겠습니까?,,
Opening_Skip_Title,오프닝을 스킵하시겠습니까?,,
Menu_Warning_1,메인화면으로 돌아가시겠습니까?@n저장되지 않은 데이터는 복구할 수 없습니다.,,
Menu_Warning_2,게임을 종료하시겠습니까?@n저장되지 않은 데이터는 복구할 수 없습니다.,,
Story_Empty,,,
Sample_Text_0,달빛이 조용히 숲을 비추고 있었다.,Moonlight quietly illuminated the forest.,月明かりが静かに森を照らしていた。
Sample_Text_1,바람에 흔들린 나뭇잎이 작은 소리를 냈다.,Leaves swayed by the wind rustled softly.,風に揺れた木の葉がかすかな音を立てた。
ScreenMode_1,전체 화면,Fullscreen,フルスクリーン
ScreenMode_2,창 모드,Windowed,ウィンドウモード
ScreenMode_3,테두리 없는 창 모드,Borderless Window,ボーダーレスウィンドウ
Language_EN,English,English,English
Language_KR,한국어,한국어,한국어
Language_JA,日本語,日本語,日本語
Language_Warning,언어를 변경하기 위해서 게임을 재시작 합니다.,The game will restart to apply the language change.,言語変更を適用するため、ゲームを再起動します。
EndGame,게임을 종료하시겠습니까?,,
Skip_Warning_1,다음 선택지까지 이동하시겠습니까?,,
Skip_Warning_2,다음 선택지가 없어서 스킵할 수 없습니다.,,
Gallery_Title_1,갤러리 1,,
Gallery_Title_2,갤러리 2,,
Gallery_Title_3,갤러리 3,,
Gallery_Title_4,갤러리 4,,
Gallery_Title_5,갤러리 5,,
Gallery_Title_6,갤러리 6,,
Gallery_Title_7,갤러리 7,,
Gallery_Title_8,갤러리 8,,
Gallery_Title_9,갤러리 9,,
Gallery_Title_10,갤러리 10,,
Gallery_Title_11,갤러리 11,,
Gallery_Title_12,갤러리 12,,
Gallery_Title_13,갤러리 13,,
Gallery_Title_14,갤러리 14,,
Gallery_Title_15,갤러리 15,,
Gallery_Title_16,갤러리 16,,
Gallery_Title_17,갤러리 17,,
Gallery_Title_18,갤러리 18,,
Gallery_Title_19,갤러리 19,,
Gallery_Title_20,갤러리 20,,
CG_Music_1,브금1,,
CG_Music_2,브금2,,
CG_Music_3,브금3,,
CG_Music_4,브금4,,
CG_Music_5,브금5,,
CG_Music_6,브금6,,
CG_Music_7,브금7,,
CG_Music_8,브금8,,
CG_Music_9,브금9,,
CG_Music_10,브금10,,
CG_Music_11,브금11,,
CG_Music_12,브금12,,
CG_Music_13,브금13,,
CG_Music_14,브금14,,
CG_Music_15,브금15,,
CG_Music_16,브금16,,
CG_Music_17,브금17,,
CG_Music_18,브금18,,
CG_Music_19,브금19,,
CG_Music_20,브금20,,
New_Game,새 이야기,New Story,新しい物語
Load_Game,불러오기,Load,ロード
Gallery,추억,Memories,思い出
Setting,설정,Settings,設定
EndGame_TItle,게임 종료,Quit Game,ゲーム終了
Sound,사운드,Sound,サウンド
Game,게임,Game,ゲーム
System,시스템,System,システム
Setting_BGM,배경,BGM,BGM
Setting_EffectSound,환경 효과,Ambience,環境音
Setting_UISound,UI 효과,UI Sound,UI効果音
Setting_TextSpeed,텍스트 속도,Text Speed,テキスト速度
Setting_AutoSpeed,자동진행 속도,Auto Speed,オート速度
Setting_Effect,연출 효과,Visual Effects,演出効果
Setting_On,켜기,On,ON
Setting_Off,끄기,Off,OFF
Setting_Mode,화면 모드,Display Mode,画面モード
Setting_Resoultion,해상도,Resolution,解像度
Setting_Language,언어,Language,言語
Setting_Key,단축키 정보,Key Bindings,ショートカット一覧
Setting_Key_1,다음 진행,Next,次へ
Setting_Key_2,스킵,Skip,スキップ
Setting_Key_3,자동 진행,Auto,オート
Setting_Key_4,저장,Save,セーブ
Setting_Key_5,불러오기,Load,ロード
Setting_Key_6,UI 숨기기,Hide UI,UI非表示
Setting_Key_7,메뉴 열기,Open Menu,メニューを開く
Setting_Key_8,기록,Log,ログ
Setting_Preview,미리보기,Preview,プレビュー
Save_And_Load,저장 및 불러오기,Save & Load,セーブ＆ロード
PlayTime,플레이 시간,Play Time,プレイ時間
New_Memory,새로운 기억,New Memory,新しい記憶
Empty_Slot,빈 슬롯,Empty Slot,空きスロット
No_Save,저장된 데이터가 없습니다.,No saved data.,セーブデータがありません。
Confirm,확인,Confirm,確認
Popup_Yes,예,Yes,はい
Popup_No,아니오,No,いいえ
Collection,수집,Collection,収集
Collection_Lock,숨겨진 기억,Hidden Memory,隠された記憶
UI_Off,UI 끄기,Hide UI,UIを非表示
UI_On,UI 켜기,Show UI,UIを表示
Remember,회상하기,Replay Scene,シーン回想
Save_Image,이미지 저장,Save Image,画像保存
Auto,자동,Auto,オート
Log,로그,Log,ログ
Menu,메뉴,Menu,メニュー
Hide,숨김,Hide,非表示
UnHide,펼치기,Show,表示
Continue,계속하기,Continue,続ける
GoMain,메인 화면으로,Return to Title,タイトルへ